date,day,cohort,channel,handled,aht_sec,aht_agent_sec,productive_hours
2026-07-21,2,Crestline Services,voice,25,1757,1757,75.7
2026-07-21,2,Crestline Services,chat,57,1049,524,75.7
2026-07-21,2,Crestline Services,email,17,464,464,75.7
2026-07-22,3,Crestline Services,voice,26,1881,1881,76
2026-07-22,3,Crestline Services,chat,59,1128,564,76
2026-07-22,3,Crestline Services,email,18,452,452,76
2026-07-23,4,Crestline Services,voice,22,2056,2056,73.6
2026-07-23,4,Crestline Services,chat,49,1200,600,73.6
2026-07-23,4,Crestline Services,email,15,455,455,73.6
2026-07-24,5,Crestline Services,voice,23,1957,1957,75
2026-07-24,5,Crestline Services,chat,51,1093,547,75
2026-07-24,5,Crestline Services,email,15,470,470,75
2026-07-25,6,Crestline Services,voice,10,2146,2146,55.2
2026-07-25,6,Crestline Services,chat,21,1042,521,55.2
2026-07-25,6,Crestline Services,email,6,477,477,55.2
2026-07-26,7,Crestline Services,voice,13,2023,2023,56.7
2026-07-26,7,Crestline Services,chat,26,1099,549,56.7
2026-07-26,7,Crestline Services,email,8,464,464,56.7
2026-07-27,8,Crestline Services,voice,30,2047,2047,75.8
2026-07-27,8,Crestline Services,chat,64,1037,519,75.8
2026-07-27,8,Crestline Services,email,19,488,488,75.8
2026-07-28,9,Crestline Services,voice,28,1904,1904,78.4
2026-07-28,9,Crestline Services,chat,59,1068,534,78.4
2026-07-28,9,Crestline Services,email,18,478,478,78.4
2026-07-29,10,Crestline Services,voice,30,2031,2031,78.4
2026-07-29,10,Crestline Services,chat,63,1148,574,78.4
2026-07-29,10,Crestline Services,email,19,464,464,78.4
2026-07-30,11,Crestline Services,voice,24,1985,1985,74.5
2026-07-30,11,Crestline Services,chat,49,1056,528,74.5
2026-07-30,11,Crestline Services,email,15,462,462,74.5
2026-07-31,12,Crestline Services,voice,24,2059,2059,71.4
2026-07-31,12,Crestline Services,chat,50,1134,567,71.4
2026-07-31,12,Crestline Services,email,15,420,420,71.4
2026-08-01,13,Crestline Services,voice,12,1906,1906,56.8
2026-08-01,13,Crestline Services,chat,23,1128,564,56.8
2026-08-01,13,Crestline Services,email,7,424,424,56.8
2026-08-02,14,Crestline Services,voice,17,2134,2134,57.4
2026-08-02,14,Crestline Services,chat,34,1172,586,57.4
2026-08-02,14,Crestline Services,email,10,459,459,57.4
2026-08-03,15,Crestline Services,voice,31,1933,1933,76.7
2026-08-03,15,Crestline Services,chat,63,1074,537,76.7
2026-08-03,15,Crestline Services,email,19,467,467,76.7
2026-08-04,16,Crestline Services,voice,31,1925,1925,72.8
2026-08-04,16,Crestline Services,chat,62,1040,520,72.8
2026-08-04,16,Crestline Services,email,19,449,449,72.8
2026-08-05,17,Crestline Services,voice,26,1914,1914,73
2026-08-05,17,Crestline Services,chat,53,1080,540,73
2026-08-05,17,Crestline Services,email,16,502,502,73
2026-08-06,18,Crestline Services,voice,26,1878,1878,76.2
2026-08-06,18,Crestline Services,chat,53,1117,558,76.2
2026-08-06,18,Crestline Services,email,16,458,458,76.2
2026-08-07,19,Crestline Services,voice,26,1875,1875,73.3
2026-08-07,19,Crestline Services,chat,53,1175,587,73.3
2026-08-07,19,Crestline Services,email,16,444,444,73.3
2026-08-08,20,Crestline Services,voice,14,1886,1886,55.8
2026-08-08,20,Crestline Services,chat,28,1142,571,55.8
2026-08-08,20,Crestline Services,email,8,442,442,55.8
2026-08-09,21,Crestline Services,voice,14,2132,2132,56.3
2026-08-09,21,Crestline Services,chat,28,1082,541,56.3
2026-08-09,21,Crestline Services,email,8,465,465,56.3
2026-08-10,22,Crestline Services,voice,29,1900,1900,75.6
2026-08-10,22,Crestline Services,chat,58,1076,538,75.6
2026-08-10,22,Crestline Services,email,17,477,477,75.6
2026-08-11,23,Crestline Services,voice,33,2041,2041,75.2
2026-08-11,23,Crestline Services,chat,65,1056,528,75.2
2026-08-11,23,Crestline Services,email,20,479,479,75.2
2026-08-12,24,Crestline Services,voice,28,1993,1993,74.4
2026-08-12,24,Crestline Services,chat,57,1226,613,74.4
2026-08-12,24,Crestline Services,email,17,475,475,74.4
2026-08-13,25,Crestline Services,voice,31,1942,1942,74.6
2026-08-13,25,Crestline Services,chat,62,1143,572,74.6
2026-08-13,25,Crestline Services,email,18,463,463,74.6
2026-08-14,26,Crestline Services,voice,25,1991,1991,75.4
2026-08-14,26,Crestline Services,chat,51,1064,532,75.4
2026-08-14,26,Crestline Services,email,15,462,462,75.4
2026-08-15,27,Crestline Services,voice,14,1961,1961,55.6
2026-08-15,27,Crestline Services,chat,27,1157,579,55.6
2026-08-15,27,Crestline Services,email,8,465,465,55.6
2026-08-16,28,Crestline Services,voice,15,1982,1982,57.2
2026-08-16,28,Crestline Services,chat,30,1097,549,57.2
2026-08-16,28,Crestline Services,email,9,512,512,57.2
2026-08-17,29,Crestline Services,voice,32,2112,2112,76.5
2026-08-17,29,Crestline Services,chat,64,1072,536,76.5
2026-08-17,29,Crestline Services,email,19,441,441,76.5
2026-08-18,30,Crestline Services,voice,31,2062,2062,73.4
2026-08-18,30,Crestline Services,chat,61,1098,549,73.4
2026-08-18,30,Crestline Services,email,18,478,478,73.4
2026-08-19,31,Crestline Services,voice,33,2005,2005,73
2026-08-19,31,Crestline Services,chat,67,1080,540,73
2026-08-19,31,Crestline Services,email,20,462,462,73
2026-08-20,32,Crestline Services,voice,27,2007,2007,73.8
2026-08-20,32,Crestline Services,chat,55,1114,557,73.8
2026-08-20,32,Crestline Services,email,17,461,461,73.8
2026-08-21,33,Crestline Services,voice,26,1976,1976,75.7
2026-08-21,33,Crestline Services,chat,52,1127,564,75.7
2026-08-21,33,Crestline Services,email,16,487,487,75.7
2026-08-22,34,Crestline Services,voice,15,1994,1994,54.9
2026-08-22,34,Crestline Services,chat,29,1095,547,54.9
2026-08-22,34,Crestline Services,email,9,491,491,54.9
2026-08-23,35,Crestline Services,voice,14,1910,1910,56.8
2026-08-23,35,Crestline Services,chat,28,1089,544,56.8
2026-08-23,35,Crestline Services,email,8,460,460,56.8
2026-08-24,36,Crestline Services,voice,37,1914,1914,74.3
2026-08-24,36,Crestline Services,chat,73,1145,567,74.3
2026-08-24,36,Crestline Services,email,22,432,432,74.3
2026-08-25,37,Crestline Services,voice,56,1957,1957,87
2026-08-25,37,Crestline Services,chat,111,1338,556,87
2026-08-25,37,Crestline Services,email,34,485,485,87
2026-08-26,38,Crestline Services,voice,61,1945,1945,87.8
2026-08-26,38,Crestline Services,chat,115,1388,550,87.8
2026-08-26,38,Crestline Services,email,36,488,488,87.8
2026-08-27,39,Crestline Services,voice,55,1842,1842,86.6
2026-08-27,39,Crestline Services,chat,105,1290,550,86.6
2026-08-27,39,Crestline Services,email,32,473,473,86.6
2026-08-28,40,Crestline Services,voice,52,1976,1976,89.7
2026-08-28,40,Crestline Services,chat,98,1156,529,89.7
2026-08-28,40,Crestline Services,email,29,448,448,89.7
2026-08-29,41,Crestline Services,voice,28,2090,2090,74.7
2026-08-29,41,Crestline Services,chat,53,1134,567,74.7
2026-08-29,41,Crestline Services,email,16,469,469,74.7
2026-08-30,42,Crestline Services,voice,33,2017,2017,75.7
2026-08-30,42,Crestline Services,chat,64,1136,568,75.7
2026-08-30,42,Crestline Services,email,19,442,442,75.7
2026-08-31,43,Crestline Services,voice,64,1777,1777,84.8
2026-08-31,43,Crestline Services,chat,113,1495,540,84.8
2026-08-31,43,Crestline Services,email,39,453,453,84.8
2026-09-01,44,Crestline Services,voice,72,2036,2036,91.6
2026-09-01,44,Crestline Services,chat,118,1455,528,91.6
2026-09-01,44,Crestline Services,email,40,448,448,91.6
2026-09-02,45,Crestline Services,voice,67,1910,1910,86.7
2026-09-02,45,Crestline Services,chat,107,1620,525,86.7
2026-09-02,45,Crestline Services,email,42,485,485,86.7
2026-09-03,46,Crestline Services,voice,74,1873,1873,87.9
2026-09-03,46,Crestline Services,chat,103,1512,526,87.9
2026-09-03,46,Crestline Services,email,37,461,461,87.9
2026-09-04,47,Crestline Services,voice,75,1976,1976,87.2
2026-09-04,47,Crestline Services,chat,97,1700,590,87.2
2026-09-04,47,Crestline Services,email,36,482,482,87.2
2026-09-05,48,Crestline Services,voice,47,2011,2011,73.4
2026-09-05,48,Crestline Services,chat,65,1162,540,73.4
2026-09-05,48,Crestline Services,email,19,491,491,73.4
2026-09-06,49,Crestline Services,voice,41,1989,1989,72.2
2026-09-06,49,Crestline Services,chat,58,1167,583,72.2
2026-09-06,49,Crestline Services,email,18,469,469,72.2
2026-09-07,50,Crestline Services,voice,71,1983,1983,89
2026-09-07,50,Larkspur home team,voice,10,1643,1643,12.2
2026-09-07,50,Crestline Services,chat,104,1692,537,89
2026-09-07,50,Larkspur home team,chat,14,1782,566,12.2
2026-09-07,50,Crestline Services,email,41,487,487,89
2026-09-07,50,Larkspur home team,email,6,600,600,12.2
2026-09-08,51,Crestline Services,voice,74,2030,2030,88.1
2026-09-08,51,Larkspur home team,voice,10,1736,1736,12.3
2026-09-08,51,Crestline Services,chat,101,1717,537,88.1
2026-09-08,51,Larkspur home team,chat,14,1817,568,12.3
2026-09-08,51,Crestline Services,email,44,468,468,88.1
2026-09-08,51,Larkspur home team,email,6,600,600,12.3
2026-09-09,52,Crestline Services,voice,73,1976,1976,82.6
2026-09-09,52,Larkspur home team,voice,11,1727,1727,12.6
2026-09-09,52,Crestline Services,chat,91,1682,526,82.6
2026-09-09,52,Larkspur home team,chat,14,1826,571,12.6
2026-09-09,52,Crestline Services,email,39,464,464,82.6
2026-09-09,52,Larkspur home team,email,6,627,627,12.6
2026-09-10,53,Crestline Services,voice,81,2073,2073,89.2
2026-09-10,53,Larkspur home team,voice,12,1749,1749,12.5
2026-09-10,53,Crestline Services,chat,98,1872,585,89.2
2026-09-10,53,Larkspur home team,chat,14,1844,576,12.5
2026-09-10,53,Crestline Services,email,42,472,472,89.2
2026-09-10,53,Larkspur home team,email,6,621,621,12.5
2026-09-11,54,Crestline Services,voice,74,1928,1928,84.2
2026-09-11,54,Larkspur home team,voice,11,1607,1607,12.5
2026-09-11,54,Crestline Services,chat,83,1887,590,84.2
2026-09-11,54,Larkspur home team,chat,13,1822,569,12.5
2026-09-11,54,Crestline Services,email,35,448,448,84.2
2026-09-11,54,Larkspur home team,email,5,638,638,12.5
2026-09-12,55,Crestline Services,voice,53,1950,1950,76
2026-09-12,55,Larkspur home team,voice,4,1835,1835,6.2
2026-09-12,55,Crestline Services,chat,59,1185,552,76
2026-09-12,55,Larkspur home team,chat,5,1249,582,6.2
2026-09-12,55,Crestline Services,email,18,475,475,76
2026-09-12,55,Larkspur home team,email,1,664,664,6.2
2026-09-13,56,Crestline Services,voice,60,1910,1910,75.4
2026-09-13,56,Larkspur home team,voice,5,1741,1741,6.1
2026-09-13,56,Crestline Services,chat,67,1334,561,75.4
2026-09-13,56,Larkspur home team,chat,6,1347,567,6.1
2026-09-13,56,Crestline Services,email,21,441,441,75.4
2026-09-13,56,Larkspur home team,email,2,621,621,6.1
2026-09-14,57,Crestline Services,voice,71,1907,1907,60.2
2026-09-14,57,Larkspur home team,voice,15,1855,1855,12.4
2026-09-14,57,Crestline Services,chat,90,1826,571,60.2
2026-09-14,57,Larkspur home team,chat,19,1885,589,12.4
2026-09-14,57,Crestline Services,email,40,475,475,60.2
2026-09-14,57,Larkspur home team,email,8,628,628,12.4
2026-09-15,58,Crestline Services,voice,87,2002,2002,61.4
2026-09-15,58,Larkspur home team,voice,18,1637,1637,12.7
2026-09-15,58,Crestline Services,chat,100,1772,554,61.4
2026-09-15,58,Larkspur home team,chat,21,1830,572,12.7
2026-09-15,58,Crestline Services,email,44,496,496,61.4
2026-09-15,58,Larkspur home team,email,9,625,625,12.7
2026-09-16,59,Crestline Services,voice,85,1907,1907,87.2
2026-09-16,59,Larkspur home team,voice,13,1818,1818,12.7
2026-09-16,59,Crestline Services,chat,99,1766,552,87.2
2026-09-16,59,Larkspur home team,chat,15,1960,612,12.7
2026-09-16,59,Crestline Services,email,44,435,435,87.2
2026-09-16,59,Larkspur home team,email,6,635,635,12.7
2026-09-17,60,Crestline Services,voice,87,1977,1977,86.6
2026-09-17,60,Larkspur home team,voice,13,1627,1627,12.2
2026-09-17,60,Crestline Services,chat,104,1826,571,86.6
2026-09-17,60,Larkspur home team,chat,15,1867,584,12.2
2026-09-17,60,Crestline Services,email,44,444,444,86.6
2026-09-17,60,Larkspur home team,email,6,620,620,12.2
2026-09-18,61,Crestline Services,voice,81,2003,2003,85.8
2026-09-18,61,Larkspur home team,voice,12,1603,1603,12.5
2026-09-18,61,Crestline Services,chat,97,1670,522,85.8
2026-09-18,61,Larkspur home team,chat,14,1764,551,12.5
2026-09-18,61,Crestline Services,email,42,475,475,85.8
2026-09-18,61,Larkspur home team,email,6,627,627,12.5
2026-09-19,62,Crestline Services,voice,69,1924,1924,77.9
2026-09-19,62,Larkspur home team,voice,5,1808,1808,6.1
2026-09-19,62,Crestline Services,chat,76,1359,529,77.9
2026-09-19,62,Larkspur home team,chat,6,1390,541,6.1
2026-09-19,62,Crestline Services,email,24,472,472,77.9
2026-09-19,62,Larkspur home team,email,2,652,652,6.1
2026-09-20,63,Crestline Services,voice,72,2303,2303,75.7
2026-09-20,63,Larkspur home team,voice,6,1913,1913,6.2
2026-09-20,63,Crestline Services,chat,66,2057,643,75.7
2026-09-20,63,Larkspur home team,chat,5,2144,670,6.2
2026-09-20,63,Crestline Services,email,31,525,525,75.7
2026-09-20,63,Larkspur home team,email,3,738,738,6.2
2026-09-21,64,Crestline Services,voice,85,1887,1887,87.2
2026-09-21,64,Larkspur home team,voice,12,1699,1699,12.4
2026-09-21,64,Crestline Services,chat,96,1862,582,87.2
2026-09-21,64,Larkspur home team,chat,14,1795,561,12.4
2026-09-21,64,Crestline Services,email,42,493,493,87.2
2026-09-21,64,Larkspur home team,email,6,601,601,12.4
2026-09-22,65,Crestline Services,voice,82,2088,2088,85.7
2026-09-22,65,Larkspur home team,voice,12,1776,1776,12.4
2026-09-22,65,Crestline Services,chat,98,1723,538,85.7
2026-09-22,65,Larkspur home team,chat,15,1947,608,12.4
2026-09-22,65,Crestline Services,email,42,451,451,85.7
2026-09-22,65,Larkspur home team,email,6,613,613,12.4
2026-09-23,66,Crestline Services,voice,85,1985,1985,85.4
2026-09-23,66,Larkspur home team,voice,13,1695,1695,12.8
2026-09-23,66,Crestline Services,chat,101,1708,534,85.4
2026-09-23,66,Larkspur home team,chat,16,1853,579,12.8
2026-09-23,66,Crestline Services,email,43,464,464,85.4
2026-09-23,66,Larkspur home team,email,7,688,688,12.8
2026-09-24,67,Crestline Services,voice,79,1898,1898,85.6
2026-09-24,67,Larkspur home team,voice,12,1803,1803,12.4
2026-09-24,67,Crestline Services,chat,93,1685,527,85.6
2026-09-24,67,Larkspur home team,chat,14,1780,556,12.4
2026-09-24,67,Crestline Services,email,40,480,480,85.6
2026-09-24,67,Larkspur home team,email,6,649,649,12.4
2026-09-25,68,Crestline Services,voice,82,2000,2000,89.8
2026-09-25,68,Larkspur home team,voice,12,1695,1695,12.8
2026-09-25,68,Crestline Services,chat,97,1845,577,89.8
2026-09-25,68,Larkspur home team,chat,14,1723,538,12.8
2026-09-25,68,Crestline Services,email,41,471,471,89.8
2026-09-25,68,Larkspur home team,email,6,677,677,12.8
2026-09-26,69,Crestline Services,voice,61,1839,1839,75.3
2026-09-26,69,Larkspur home team,voice,5,1778,1778,6.3
2026-09-26,69,Crestline Services,chat,69,1298,540,75.3
2026-09-26,69,Larkspur home team,chat,6,1374,572,6.3
2026-09-26,69,Crestline Services,email,21,473,473,75.3
2026-09-26,69,Larkspur home team,email,2,606,606,6.3
2026-09-27,70,Crestline Services,voice,64,1877,1877,75.4
2026-09-27,70,Larkspur home team,voice,6,1732,1732,6.3
2026-09-27,70,Crestline Services,chat,72,1455,583,75.4
2026-09-27,70,Larkspur home team,chat,6,1325,531,6.3
2026-09-27,70,Crestline Services,email,22,472,472,75.4
2026-09-27,70,Larkspur home team,email,2,601,601,6.3
2026-09-28,71,Crestline Services,voice,76,2064,2064,87.7
2026-09-28,71,Larkspur home team,voice,39,1652,1652,43.6
2026-09-28,71,Crestline Services,chat,88,1678,524,87.7
2026-09-28,71,Larkspur home team,chat,45,1777,555,43.6
2026-09-28,71,Crestline Services,email,35,509,509,87.7
2026-09-28,71,Larkspur home team,email,18,679,679,43.6
2026-09-29,72,Crestline Services,voice,75,1960,1960,86.6
2026-09-29,72,Larkspur home team,voice,38,1651,1651,42.6
2026-09-29,72,Crestline Services,chat,86,1686,527,86.6
2026-09-29,72,Larkspur home team,chat,43,1772,554,42.6
2026-09-29,72,Crestline Services,email,35,459,459,86.6
2026-09-29,72,Larkspur home team,email,18,631,631,42.6
2026-09-30,73,Crestline Services,voice,79,1992,1992,88.6
2026-09-30,73,Larkspur home team,voice,42,1744,1744,45.6
2026-09-30,73,Crestline Services,chat,86,1720,553,88.6
2026-09-30,73,Larkspur home team,chat,46,1648,530,45.6
2026-09-30,73,Crestline Services,email,34,472,472,88.6
2026-09-30,73,Larkspur home team,email,18,626,626,45.6
2026-10-01,74,Crestline Services,voice,76,1935,1935,86.4
2026-10-01,74,Larkspur home team,voice,41,1799,1799,45.2
2026-10-01,74,Crestline Services,chat,89,1637,512,86.4
2026-10-01,74,Larkspur home team,chat,48,1816,567,45.2
2026-10-01,74,Crestline Services,email,37,484,484,86.4
2026-10-01,74,Larkspur home team,email,20,631,631,45.2
2026-10-02,75,Crestline Services,voice,84,2036,2036,89.9
2026-10-02,75,Larkspur home team,voice,42,1872,1872,43.5
2026-10-02,75,Crestline Services,chat,90,1547,570,89.9
2026-10-02,75,Larkspur home team,chat,45,1534,565,43.5
2026-10-02,75,Crestline Services,email,30,444,444,89.9
2026-10-02,75,Larkspur home team,email,15,628,628,43.5
2026-10-03,76,Crestline Services,voice,41,2009,2009,76.6
2026-10-03,76,Larkspur home team,voice,21,1611,1611,37.9
2026-10-03,76,Crestline Services,chat,48,1178,589,76.6
2026-10-03,76,Larkspur home team,chat,25,1148,574,37.9
2026-10-03,76,Crestline Services,email,14,454,454,76.6
2026-10-03,76,Larkspur home team,email,8,626,626,37.9
2026-10-04,77,Crestline Services,voice,45,1904,1904,75
2026-10-04,77,Larkspur home team,voice,23,1626,1626,36.9
2026-10-04,77,Crestline Services,chat,52,1115,558,75
2026-10-04,77,Larkspur home team,chat,27,1115,558,36.9
2026-10-04,77,Crestline Services,email,16,461,461,75
2026-10-04,77,Larkspur home team,email,8,601,601,36.9
2026-10-05,78,Crestline Services,voice,110,1883,1883,125
2026-10-05,78,Larkspur home team,voice,40,1585,1585,42.3
2026-10-05,78,Crestline Services,chat,122,1506,581,125
2026-10-05,78,Larkspur home team,chat,44,1369,528,42.3
2026-10-05,78,Crestline Services,email,39,446,446,125
2026-10-05,78,Larkspur home team,email,14,572,572,42.3
2026-10-06,79,Crestline Services,voice,115,2043,2043,124.7
2026-10-06,79,Larkspur home team,voice,43,1590,1590,44.1
2026-10-06,79,Crestline Services,chat,129,1506,549,124.7
2026-10-06,79,Larkspur home team,chat,48,1456,531,44.1
2026-10-06,79,Crestline Services,email,43,473,473,124.7
2026-10-06,79,Larkspur home team,email,16,626,626,44.1
2026-10-07,80,Crestline Services,voice,117,1955,1955,129.3
2026-10-07,80,Larkspur home team,voice,43,1594,1594,44.6
2026-10-07,80,Crestline Services,chat,125,1782,557,129.3
2026-10-07,80,Larkspur home team,chat,46,1780,556,44.6
2026-10-07,80,Crestline Services,email,53,461,461,129.3
2026-10-07,80,Larkspur home team,email,19,619,619,44.6
2026-10-08,81,Crestline Services,voice,139,1918,1918,120.8
2026-10-08,81,Larkspur home team,voice,54,1686,1686,43
2026-10-08,81,Crestline Services,chat,134,1708,534,120.8
2026-10-08,81,Larkspur home team,chat,51,1721,538,43
2026-10-08,81,Crestline Services,email,56,447,447,120.8
2026-10-08,81,Larkspur home team,email,22,603,603,43
2026-10-09,82,Crestline Services,voice,124,1898,1898,128.7
2026-10-09,82,Larkspur home team,voice,45,1615,1615,43
2026-10-09,82,Crestline Services,chat,110,1743,558,128.7
2026-10-09,82,Larkspur home team,chat,40,1768,566,43
2026-10-09,82,Crestline Services,email,44,471,471,128.7
2026-10-09,82,Larkspur home team,email,16,552,552,43
2026-10-10,83,Crestline Services,voice,65,1823,1823,100.6
2026-10-10,83,Larkspur home team,voice,27,1676,1676,37.6
2026-10-10,83,Crestline Services,chat,63,1028,513,100.6
2026-10-10,83,Larkspur home team,chat,25,1138,568,37.6
2026-10-10,83,Crestline Services,email,18,460,460,100.6
2026-10-10,83,Larkspur home team,email,8,592,592,37.6
2026-10-11,84,Crestline Services,voice,52,2068,2068,99.1
2026-10-11,84,Larkspur home team,voice,21,1558,1558,37.7
2026-10-11,84,Crestline Services,chat,59,1022,511,99.1
2026-10-11,84,Larkspur home team,chat,25,1081,540,37.7
2026-10-11,84,Crestline Services,email,18,419,419,99.1
2026-10-11,84,Larkspur home team,email,7,609,609,37.7
2026-10-12,85,Crestline Services,voice,101,1942,1942,123.1
2026-10-12,85,Larkspur home team,voice,41,1664,1664,45.7
2026-10-12,85,Crestline Services,chat,121,1327,537,123.1
2026-10-12,85,Larkspur home team,chat,49,1309,530,45.7
2026-10-12,85,Crestline Services,email,38,449,449,123.1
2026-10-12,85,Larkspur home team,email,15,570,570,45.7
2026-10-13,86,Crestline Services,voice,98,1986,1986,124.3
2026-10-13,86,Larkspur home team,voice,40,1504,1504,45.1
2026-10-13,86,Crestline Services,chat,123,1353,557,124.3
2026-10-13,86,Larkspur home team,chat,49,1292,532,45.1
2026-10-13,86,Crestline Services,email,38,450,450,124.3
2026-10-13,86,Larkspur home team,email,15,590,590,45.1
2026-10-14,87,Crestline Services,voice,92,1966,1966,124.4
2026-10-14,87,Larkspur home team,voice,36,1586,1586,43.8
2026-10-14,87,Crestline Services,chat,121,1308,560,124.4
2026-10-14,87,Larkspur home team,chat,47,1169,500,43.8
2026-10-14,87,Crestline Services,email,37,435,435,124.4
2026-10-14,87,Larkspur home team,email,14,611,611,43.8
2026-10-15,88,Crestline Services,voice,79,1954,1954,125.2
2026-10-15,88,Larkspur home team,voice,32,1551,1551,45.4
2026-10-15,88,Crestline Services,chat,109,1078,505,125.2
2026-10-15,88,Larkspur home team,chat,45,1130,530,45.4
2026-10-15,88,Crestline Services,email,33,449,449,125.2
2026-10-15,88,Larkspur home team,email,13,580,580,45.4
2026-10-16,89,Crestline Services,voice,69,1945,1945,129.4
2026-10-16,89,Larkspur home team,voice,27,1604,1604,44
2026-10-16,89,Crestline Services,chat,100,1104,552,129.4
2026-10-16,89,Larkspur home team,chat,38,1145,572,44
2026-10-16,89,Crestline Services,email,30,471,471,129.4
2026-10-16,89,Larkspur home team,email,12,572,572,44
2026-10-17,90,Crestline Services,voice,37,1951,1951,100
2026-10-17,90,Larkspur home team,voice,15,1641,1641,36.7
2026-10-17,90,Crestline Services,chat,56,1128,564,100
2026-10-17,90,Larkspur home team,chat,23,998,499,36.7
2026-10-17,90,Crestline Services,email,17,463,463,100
2026-10-17,90,Larkspur home team,email,7,607,607,36.7
2026-10-18,91,Crestline Services,voice,36,2003,2003,99.7
2026-10-18,91,Larkspur home team,voice,15,1482,1482,37.5
2026-10-18,91,Crestline Services,chat,56,1180,590,99.7
2026-10-18,91,Larkspur home team,chat,24,1039,519,37.5
2026-10-18,91,Crestline Services,email,17,479,479,99.7
2026-10-18,91,Larkspur home team,email,7,537,537,37.5
2026-10-19,92,Crestline Services,voice,75,1962,1962,122.5
2026-10-19,92,Larkspur home team,voice,32,1434,1434,44.6
2026-10-19,92,Crestline Services,chat,121,1178,540,122.5
2026-10-19,92,Larkspur home team,chat,51,1163,534,44.6
2026-10-19,92,Crestline Services,email,37,472,472,122.5
2026-10-19,92,Larkspur home team,email,15,555,555,44.6
2026-10-20,93,Crestline Services,voice,77,1823,1823,126
2026-10-20,93,Larkspur home team,voice,30,1648,1648,43.1
2026-10-20,93,Crestline Services,chat,128,1126,515,126
2026-10-20,93,Larkspur home team,chat,50,1142,522,43.1
2026-10-20,93,Crestline Services,email,39,469,469,126
2026-10-20,93,Larkspur home team,email,15,592,592,43.1
2026-10-21,94,Crestline Services,voice,70,2053,2053,125
2026-10-21,94,Larkspur home team,voice,29,1575,1575,44
2026-10-21,94,Crestline Services,chat,118,1203,580,125
2026-10-21,94,Larkspur home team,chat,49,1108,534,44
2026-10-21,94,Crestline Services,email,35,471,471,125
2026-10-21,94,Larkspur home team,email,15,529,529,44
2026-10-22,95,Crestline Services,voice,64,1993,1993,123.9
2026-10-22,95,Larkspur home team,voice,27,1516,1516,44.5
2026-10-22,95,Crestline Services,chat,111,1104,552,123.9
2026-10-22,95,Larkspur home team,chat,46,999,499,44.5
2026-10-22,95,Crestline Services,email,33,456,456,123.9
2026-10-22,95,Larkspur home team,email,14,526,526,44.5
2026-10-23,96,Crestline Services,voice,51,1942,1942,123.2
2026-10-23,96,Larkspur home team,voice,22,1429,1429,45.1
2026-10-23,96,Crestline Services,chat,90,1149,575,123.2
2026-10-23,96,Larkspur home team,chat,39,949,474,45.1
2026-10-23,96,Crestline Services,email,27,469,469,123.2
2026-10-23,96,Larkspur home team,email,12,594,594,45.1
2026-10-24,97,Crestline Services,voice,28,1902,1902,101.6
2026-10-24,97,Larkspur home team,voice,12,1425,1425,37.7
2026-10-24,97,Crestline Services,chat,51,1123,561,101.6
2026-10-24,97,Larkspur home team,chat,22,1002,501,37.7
2026-10-24,97,Crestline Services,email,15,451,451,101.6
2026-10-24,97,Larkspur home team,email,7,578,578,37.7
2026-10-25,98,Crestline Services,voice,30,1912,1912,95.8
2026-10-25,98,Larkspur home team,voice,13,1380,1380,36
2026-10-25,98,Crestline Services,chat,54,1144,572,95.8
2026-10-25,98,Larkspur home team,chat,24,981,490,36
2026-10-25,98,Crestline Services,email,16,469,469,95.8
2026-10-25,98,Larkspur home team,email,7,564,564,36
2026-10-26,99,Crestline Services,voice,59,1859,1859,123.3
2026-10-26,99,Larkspur home team,voice,25,1467,1467,44.6
2026-10-26,99,Crestline Services,chat,108,1085,543,123.3
2026-10-26,99,Larkspur home team,chat,47,1026,513,44.6
2026-10-26,99,Crestline Services,email,33,473,473,123.3
2026-10-26,99,Larkspur home team,email,14,481,481,44.6
2026-10-27,100,Crestline Services,voice,68,2104,2104,127.1
2026-10-27,100,Larkspur home team,voice,28,1514,1514,43
2026-10-27,100,Crestline Services,chat,127,1095,528,127.1
2026-10-27,100,Larkspur home team,chat,52,966,466,43
2026-10-27,100,Crestline Services,email,38,466,466,127.1
2026-10-27,100,Larkspur home team,email,16,528,528,43
2026-10-28,101,Crestline Services,voice,59,1973,1973,129.2
2026-10-28,101,Larkspur home team,voice,24,1475,1475,43.1
2026-10-28,101,Crestline Services,chat,110,1132,566,129.2
2026-10-28,101,Larkspur home team,chat,45,955,478,43.1
2026-10-28,101,Crestline Services,email,33,457,457,129.2
2026-10-28,101,Larkspur home team,email,14,534,534,43.1
2026-10-29,102,Crestline Services,voice,59,1995,1995,127.1
2026-10-29,102,Larkspur home team,voice,25,1489,1489,44.8
2026-10-29,102,Crestline Services,chat,110,1068,534,127.1
2026-10-29,102,Larkspur home team,chat,48,992,496,44.8
2026-10-29,102,Crestline Services,email,34,459,459,127.1
2026-10-29,102,Larkspur home team,email,14,562,562,44.8
2026-10-30,103,Crestline Services,voice,47,1868,1868,122.2
2026-10-30,103,Larkspur home team,voice,20,1363,1363,43.4
2026-10-30,103,Crestline Services,chat,89,1069,535,122.2
2026-10-30,103,Larkspur home team,chat,39,936,468,43.4
2026-10-30,103,Crestline Services,email,26,490,490,122.2
2026-10-30,103,Larkspur home team,email,12,534,534,43.4
2026-10-31,104,Crestline Services,voice,29,1791,1791,100.4
2026-10-31,104,Larkspur home team,voice,13,1427,1427,37.9
2026-10-31,104,Crestline Services,chat,54,1076,538,100.4
2026-10-31,104,Larkspur home team,chat,26,942,471,37.9
2026-10-31,104,Crestline Services,email,16,418,418,100.4
2026-10-31,104,Larkspur home team,email,8,524,524,37.9
2026-11-01,105,Crestline Services,voice,27,2009,2009,100.7
2026-11-01,105,Larkspur home team,voice,13,1479,1479,37.6
2026-11-01,105,Crestline Services,chat,53,1097,548,100.7
2026-11-01,105,Larkspur home team,chat,25,885,442,37.6
2026-11-01,105,Crestline Services,email,16,465,465,100.7
2026-11-01,105,Larkspur home team,email,7,530,530,37.6
2026-11-02,106,Crestline Services,voice,47,2110,2110,122
2026-11-02,106,Larkspur home team,voice,21,1345,1345,44.1
2026-11-02,106,Crestline Services,chat,91,1182,591,122
2026-11-02,106,Larkspur home team,chat,42,970,485,44.1
2026-11-02,106,Crestline Services,email,28,474,474,122
2026-11-02,106,Larkspur home team,email,12,499,499,44.1
2026-11-03,107,Crestline Services,voice,58,1961,1961,123.7
2026-11-03,107,Larkspur home team,voice,26,1396,1396,44.4
2026-11-03,107,Crestline Services,chat,113,1074,537,123.7
2026-11-03,107,Larkspur home team,chat,52,924,462,44.4
2026-11-03,107,Crestline Services,email,34,466,466,123.7
2026-11-03,107,Larkspur home team,email,15,525,525,44.4
2026-11-04,108,Crestline Services,voice,55,2037,2037,127.2
2026-11-04,108,Larkspur home team,voice,24,1367,1367,43.4
2026-11-04,108,Crestline Services,chat,108,1077,539,127.2
2026-11-04,108,Larkspur home team,chat,47,912,456,43.4
2026-11-04,108,Crestline Services,email,32,462,462,127.2
2026-11-04,108,Larkspur home team,email,14,530,530,43.4
2026-11-05,109,Crestline Services,voice,48,2066,2066,123.5
2026-11-05,109,Larkspur home team,voice,21,1371,1371,42.8
2026-11-05,109,Crestline Services,chat,95,1125,563,123.5
2026-11-05,109,Larkspur home team,chat,42,899,449,42.8
2026-11-05,109,Crestline Services,email,28,435,435,123.5
2026-11-05,109,Larkspur home team,email,13,529,529,42.8
2026-11-06,110,Crestline Services,voice,46,2028,2028,120.7
2026-11-06,110,Larkspur home team,voice,21,1269,1269,44.2
2026-11-06,110,Crestline Services,chat,91,1135,568,120.7
2026-11-06,110,Larkspur home team,chat,43,914,457,44.2
2026-11-06,110,Crestline Services,email,27,460,460,120.7
2026-11-06,110,Larkspur home team,email,13,483,483,44.2
2026-11-07,111,Crestline Services,voice,19,1929,1929,97.8
2026-11-07,111,Larkspur home team,voice,10,1393,1393,37.6
2026-11-07,111,Crestline Services,chat,38,1093,547,97.8
2026-11-07,111,Larkspur home team,chat,19,907,454,37.6
2026-11-07,111,Crestline Services,email,11,515,515,97.8
2026-11-07,111,Larkspur home team,email,6,502,502,37.6
2026-11-08,112,Crestline Services,voice,26,1952,1952,101.9
2026-11-08,112,Larkspur home team,voice,13,1355,1355,37.3
2026-11-08,112,Crestline Services,chat,53,1101,551,101.9
2026-11-08,112,Larkspur home team,chat,25,891,445,37.3
2026-11-08,112,Crestline Services,email,16,459,459,101.9
2026-11-08,112,Larkspur home team,email,7,493,493,37.3
2026-11-09,113,Crestline Services,voice,48,2055,2055,127
2026-11-09,113,Larkspur home team,voice,22,1325,1325,44.9
2026-11-09,113,Crestline Services,chat,95,1042,521,127
2026-11-09,113,Larkspur home team,chat,44,877,438,44.9
2026-11-09,113,Crestline Services,email,29,439,439,127
2026-11-09,113,Larkspur home team,email,13,497,497,44.9
2026-11-10,114,Crestline Services,voice,57,1747,1747,127.3
2026-11-10,114,Larkspur home team,voice,26,1316,1316,43.5
2026-11-10,114,Crestline Services,chat,114,1126,563,127.3
2026-11-10,114,Larkspur home team,chat,51,961,481,43.5
2026-11-10,114,Crestline Services,email,34,455,455,127.3
2026-11-10,114,Larkspur home team,email,16,477,477,43.5
2026-11-11,115,Crestline Services,voice,54,1994,1994,124.9
2026-11-11,115,Larkspur home team,voice,25,1249,1249,43.3
2026-11-11,115,Crestline Services,chat,109,1082,541,124.9
2026-11-11,115,Larkspur home team,chat,50,898,449,43.3
2026-11-11,115,Crestline Services,email,32,476,476,124.9
2026-11-11,115,Larkspur home team,email,15,478,478,43.3
2026-11-12,116,Crestline Services,voice,48,1885,1885,120.6
2026-11-12,116,Larkspur home team,voice,23,1219,1219,43.2
2026-11-12,116,Crestline Services,chat,94,1110,555,120.6
2026-11-12,116,Larkspur home team,chat,46,873,437,43.2
2026-11-12,116,Crestline Services,email,28,477,477,120.6
2026-11-12,116,Larkspur home team,email,14,436,436,43.2
2026-11-13,117,Crestline Services,voice,38,1958,1958,120.6
2026-11-13,117,Larkspur home team,voice,18,1315,1315,41.9
2026-11-13,117,Crestline Services,chat,75,1026,513,120.6
2026-11-13,117,Larkspur home team,chat,36,805,402,41.9
2026-11-13,117,Crestline Services,email,22,475,475,120.6
2026-11-13,117,Larkspur home team,email,11,474,474,41.9
2026-11-14,118,Crestline Services,voice,20,2019,2019,93.5
2026-11-14,118,Larkspur home team,voice,11,1331,1331,38.6
2026-11-14,118,Crestline Services,chat,39,1079,540,93.5
2026-11-14,118,Larkspur home team,chat,22,865,433,38.6
2026-11-14,118,Crestline Services,email,12,455,455,93.5
2026-11-14,118,Larkspur home team,email,6,478,478,38.6
2026-11-15,119,Crestline Services,voice,21,1947,1947,99.8
2026-11-15,119,Larkspur home team,voice,11,1231,1231,37.4
2026-11-15,119,Crestline Services,chat,42,1097,549,99.8
2026-11-15,119,Larkspur home team,chat,22,852,426,37.4
2026-11-15,119,Crestline Services,email,13,473,473,99.8
2026-11-15,119,Larkspur home team,email,6,485,485,37.4
2026-11-16,120,Crestline Services,voice,50,1950,1950,124.1
2026-11-16,120,Larkspur home team,voice,24,1249,1249,43.3
2026-11-16,120,Crestline Services,chat,100,1225,612,124.1
2026-11-16,120,Larkspur home team,chat,49,803,401,43.3
2026-11-16,120,Crestline Services,email,30,437,437,124.1
2026-11-16,120,Larkspur home team,email,15,470,470,43.3
