date,day,interval_start,channel,platform,offered,handled,handled_in_sl,abandoned,asa_s,sl_pct,aht_elapsed_s,aht_agent_work_s,version,actor
2026-07-20,1,00:00,voice,Meridian,0,0,0,0,0,0,0,0,v001,agent:DataEngineer
2026-07-20,1,00:30,voice,Meridian,0,0,0,0,0,0,0,0,v001,agent:DataEngineer
2026-07-20,1,01:00,voice,Meridian,0,0,0,0,0,0,0,0,v001,agent:DataEngineer
2026-07-20,1,01:30,voice,Meridian,0,0,0,0,0,0,0,0,v001,agent:DataEngineer
2026-07-20,1,02:00,voice,Meridian,0,0,0,0,0,0,0,0,v001,agent:DataEngineer
2026-07-20,1,02:30,voice,Meridian,0,0,0,0,0,0,0,0,v001,agent:DataEngineer
2026-07-20,1,03:00,voice,Meridian,0,0,0,0,0,0,0,0,v001,agent:DataEngineer
2026-07-20,1,03:30,voice,Meridian,0,0,0,0,0,0,0,0,v001,agent:DataEngineer
2026-07-20,1,04:00,voice,Meridian,0,0,0,0,0,0,0,0,v001,agent:DataEngineer
2026-07-20,1,04:30,voice,Meridian,0,0,0,0,0,0,0,0,v001,agent:DataEngineer
2026-07-20,1,05:00,voice,Meridian,0,0,0,0,0,0,0,0,v001,agent:DataEngineer
2026-07-20,1,05:30,voice,Meridian,0,0,0,0,0,0,0,0,v001,agent:DataEngineer
2026-07-20,1,06:00,voice,Meridian,0,0,0,0,0,0,0,0,v001,agent:DataEngineer
2026-07-20,1,06:30,voice,Meridian,0,0,0,0,0,0,0,0,v001,agent:DataEngineer
2026-07-20,1,07:00,voice,Meridian,0,0,0,0,0,0,0,0,v001,agent:DataEngineer
2026-07-20,1,07:30,voice,Meridian,0,0,0,0,0,0,0,0,v001,agent:DataEngineer
2026-07-20,1,08:00,voice,Meridian,0,0,0,0,0,0,0,0,v001,agent:DataEngineer
2026-07-20,1,08:30,voice,Meridian,0,0,0,0,0,0,0,0,v001,agent:DataEngineer
2026-07-20,1,09:00,voice,Meridian,0,0,0,0,0,0,0,0,v001,agent:DataEngineer
2026-07-20,1,09:30,voice,Meridian,0,0,0,0,0,0,0,0,v001,agent:DataEngineer
2026-07-20,1,10:00,voice,Meridian,0,0,0,0,0,0,0,0,v001,agent:DataEngineer
2026-07-20,1,10:30,voice,Meridian,0,0,0,0,0,0,0,0,v001,agent:DataEngineer
2026-07-20,1,11:00,voice,Meridian,0,0,0,0,0,0,0,0,v001,agent:DataEngineer
2026-07-20,1,11:30,voice,Meridian,0,0,0,0,0,0,0,0,v001,agent:DataEngineer
2026-07-20,1,12:00,voice,Meridian,0,0,0,0,0,0,0,0,v001,agent:DataEngineer
2026-07-20,1,12:30,voice,Meridian,0,0,0,0,0,0,0,0,v001,agent:DataEngineer
2026-07-20,1,13:00,voice,Meridian,0,0,0,0,0,0,0,0,v001,agent:DataEngineer
2026-07-20,1,13:30,voice,Meridian,0,0,0,0,0,0,0,0,v001,agent:DataEngineer
2026-07-20,1,14:00,voice,Meridian,0,0,0,0,0,0,0,0,v001,agent:DataEngineer
2026-07-20,1,14:30,voice,Meridian,0,0,0,0,0,0,0,0,v001,agent:DataEngineer
2026-07-20,1,15:00,voice,Meridian,0,0,0,0,0,0,0,0,v001,agent:DataEngineer
2026-07-20,1,15:30,voice,Meridian,0,0,0,0,0,0,0,0,v001,agent:DataEngineer
2026-07-20,1,16:00,voice,Meridian,0,0,0,0,0,0,0,0,v001,agent:DataEngineer
2026-07-20,1,16:30,voice,Meridian,0,0,0,0,0,0,0,0,v001,agent:DataEngineer
2026-07-20,1,17:00,voice,Meridian,0,0,0,0,0,0,0,0,v001,agent:DataEngineer
2026-07-20,1,17:30,voice,Meridian,0,0,0,0,0,0,0,0,v001,agent:DataEngineer
2026-07-20,1,18:00,voice,Meridian,0,0,0,0,0,0,0,0,v001,agent:DataEngineer
2026-07-20,1,18:30,voice,Meridian,0,0,0,0,0,0,0,0,v001,agent:DataEngineer
2026-07-20,1,19:00,voice,Meridian,0,0,0,0,0,0,0,0,v001,agent:DataEngineer
2026-07-20,1,19:30,voice,Meridian,0,0,0,0,0,0,0,0,v001,agent:DataEngineer
2026-07-20,1,20:00,voice,Meridian,0,0,0,0,0,0,0,0,v001,agent:DataEngineer
2026-07-20,1,20:30,voice,Meridian,0,0,0,0,0,0,0,0,v001,agent:DataEngineer
2026-07-20,1,21:00,voice,Meridian,0,0,0,0,0,0,0,0,v001,agent:DataEngineer
2026-07-20,1,21:30,voice,Meridian,0,0,0,0,0,0,0,0,v001,agent:DataEngineer
2026-07-20,1,22:00,voice,Meridian,0,0,0,0,0,0,0,0,v001,agent:DataEngineer
2026-07-20,1,22:30,voice,Meridian,0,0,0,0,0,0,0,0,v001,agent:DataEngineer
2026-07-20,1,23:00,voice,Meridian,0,0,0,0,0,0,0,0,v001,agent:DataEngineer
2026-07-20,1,23:30,voice,Meridian,0,0,0,0,0,0,0,0,v001,agent:DataEngineer
2026-07-20,1,00:00,chat,Meridian,0,0,0,0,0,0,0,0,v001,agent:DataEngineer
2026-07-20,1,00:30,chat,Meridian,0,0,0,0,0,0,0,0,v001,agent:DataEngineer
2026-07-20,1,01:00,chat,Meridian,0,0,0,0,0,0,0,0,v001,agent:DataEngineer
2026-07-20,1,01:30,chat,Meridian,0,0,0,0,0,0,0,0,v001,agent:DataEngineer
2026-07-20,1,02:00,chat,Meridian,0,0,0,0,0,0,0,0,v001,agent:DataEngineer
2026-07-20,1,02:30,chat,Meridian,0,0,0,0,0,0,0,0,v001,agent:DataEngineer
2026-07-20,1,03:00,chat,Meridian,0,0,0,0,0,0,0,0,v001,agent:DataEngineer
2026-07-20,1,03:30,chat,Meridian,0,0,0,0,0,0,0,0,v001,agent:DataEngineer
2026-07-20,1,04:00,chat,Meridian,0,0,0,0,0,0,0,0,v001,agent:DataEngineer
2026-07-20,1,04:30,chat,Meridian,0,0,0,0,0,0,0,0,v001,agent:DataEngineer
2026-07-20,1,05:00,chat,Meridian,0,0,0,0,0,0,0,0,v001,agent:DataEngineer
2026-07-20,1,05:30,chat,Meridian,0,0,0,0,0,0,0,0,v001,agent:DataEngineer
2026-07-20,1,06:00,chat,Meridian,0,0,0,0,0,0,0,0,v001,agent:DataEngineer
2026-07-20,1,06:30,chat,Meridian,0,0,0,0,0,0,0,0,v001,agent:DataEngineer
2026-07-20,1,07:00,chat,Meridian,0,0,0,0,0,0,0,0,v001,agent:DataEngineer
2026-07-20,1,07:30,chat,Meridian,0,0,0,0,0,0,0,0,v001,agent:DataEngineer
2026-07-20,1,08:00,chat,Meridian,0,0,0,0,0,0,0,0,v001,agent:DataEngineer
2026-07-20,1,08:30,chat,Meridian,0,0,0,0,0,0,0,0,v001,agent:DataEngineer
2026-07-20,1,09:00,chat,Meridian,0,0,0,0,0,0,0,0,v001,agent:DataEngineer
2026-07-20,1,09:30,chat,Meridian,0,0,0,0,0,0,0,0,v001,agent:DataEngineer
2026-07-20,1,10:00,chat,Meridian,0,0,0,0,0,0,0,0,v001,agent:DataEngineer
2026-07-20,1,10:30,chat,Meridian,0,0,0,0,0,0,0,0,v001,agent:DataEngineer
2026-07-20,1,11:00,chat,Meridian,0,0,0,0,0,0,0,0,v001,agent:DataEngineer
2026-07-20,1,11:30,chat,Meridian,0,0,0,0,0,0,0,0,v001,agent:DataEngineer
2026-07-20,1,12:00,chat,Meridian,0,0,0,0,0,0,0,0,v001,agent:DataEngineer
2026-07-20,1,12:30,chat,Meridian,0,0,0,0,0,0,0,0,v001,agent:DataEngineer
2026-07-20,1,13:00,chat,Meridian,0,0,0,0,0,0,0,0,v001,agent:DataEngineer
2026-07-20,1,13:30,chat,Meridian,0,0,0,0,0,0,0,0,v001,agent:DataEngineer
2026-07-20,1,14:00,chat,Meridian,0,0,0,0,0,0,0,0,v001,agent:DataEngineer
2026-07-20,1,14:30,chat,Meridian,0,0,0,0,0,0,0,0,v001,agent:DataEngineer
2026-07-20,1,15:00,chat,Meridian,0,0,0,0,0,0,0,0,v001,agent:DataEngineer
2026-07-20,1,15:30,chat,Meridian,0,0,0,0,0,0,0,0,v001,agent:DataEngineer
2026-07-20,1,16:00,chat,Meridian,0,0,0,0,0,0,0,0,v001,agent:DataEngineer
2026-07-20,1,16:30,chat,Meridian,0,0,0,0,0,0,0,0,v001,agent:DataEngineer
2026-07-20,1,17:00,chat,Meridian,0,0,0,0,0,0,0,0,v001,agent:DataEngineer
2026-07-20,1,17:30,chat,Meridian,0,0,0,0,0,0,0,0,v001,agent:DataEngineer
2026-07-20,1,18:00,chat,Meridian,0,0,0,0,0,0,0,0,v001,agent:DataEngineer
2026-07-20,1,18:30,chat,Meridian,0,0,0,0,0,0,0,0,v001,agent:DataEngineer
2026-07-20,1,19:00,chat,Meridian,0,0,0,0,0,0,0,0,v001,agent:DataEngineer
2026-07-20,1,19:30,chat,Meridian,0,0,0,0,0,0,0,0,v001,agent:DataEngineer
2026-07-20,1,20:00,chat,Meridian,0,0,0,0,0,0,0,0,v001,agent:DataEngineer
2026-07-20,1,20:30,chat,Meridian,0,0,0,0,0,0,0,0,v001,agent:DataEngineer
2026-07-20,1,21:00,chat,Meridian,0,0,0,0,0,0,0,0,v001,agent:DataEngineer
2026-07-20,1,21:30,chat,Meridian,0,0,0,0,0,0,0,0,v001,agent:DataEngineer
2026-07-20,1,22:00,chat,Meridian,0,0,0,0,0,0,0,0,v001,agent:DataEngineer
2026-07-20,1,22:30,chat,Meridian,0,0,0,0,0,0,0,0,v001,agent:DataEngineer
2026-07-20,1,23:00,chat,Meridian,0,0,0,0,0,0,0,0,v001,agent:DataEngineer
2026-07-20,1,23:30,chat,Meridian,0,0,0,0,0,0,0,0,v001,agent:DataEngineer
2026-07-21,2,00:00,voice,Meridian,0,0,0,0,0,0,0,0,v001,agent:DataEngineer
2026-07-21,2,00:30,voice,Meridian,0,0,0,0,0,0,0,0,v001,agent:DataEngineer
2026-07-21,2,01:00,voice,Meridian,0,0,0,0,0,0,0,0,v001,agent:DataEngineer
2026-07-21,2,01:30,voice,Meridian,0,0,0,0,0,0,0,0,v001,agent:DataEngineer
2026-07-21,2,02:00,voice,Meridian,0,0,0,0,0,0,0,0,v001,agent:DataEngineer
2026-07-21,2,02:30,voice,Meridian,0,0,0,0,0,0,0,0,v001,agent:DataEngineer
2026-07-21,2,03:00,voice,Meridian,0,0,0,0,0,0,0,0,v001,agent:DataEngineer
2026-07-21,2,03:30,voice,Meridian,0,0,0,0,0,0,0,0,v001,agent:DataEngineer
2026-07-21,2,04:00,voice,Meridian,0,0,0,0,0,0,0,0,v001,agent:DataEngineer
2026-07-21,2,04:30,voice,Meridian,0,0,0,0,0,0,0,0,v001,agent:DataEngineer
2026-07-21,2,05:00,voice,Meridian,0,0,0,0,0,0,0,0,v001,agent:DataEngineer
2026-07-21,2,05:30,voice,Meridian,0,0,0,0,0,0,0,0,v001,agent:DataEngineer
2026-07-21,2,06:00,voice,Meridian,0,0,0,0,0,0,0,0,v001,agent:DataEngineer
2026-07-21,2,06:30,voice,Meridian,0,0,0,0,0,0,0,0,v001,agent:DataEngineer
2026-07-21,2,07:00,voice,Meridian,0,0,0,0,0,0,0,0,v001,agent:DataEngineer
2026-07-21,2,07:30,voice,Meridian,1,1,1,0,12,100,1690,1690,v001,agent:DataEngineer
2026-07-21,2,08:00,voice,Meridian,1,1,1,0,13,100,2055,2055,v001,agent:DataEngineer
2026-07-21,2,08:30,voice,Meridian,1,1,1,0,12,100,1891,1891,v001,agent:DataEngineer
2026-07-21,2,09:00,voice,Meridian,1,1,1,0,13,100,1811,1811,v001,agent:DataEngineer
2026-07-21,2,09:30,voice,Meridian,2,2,2,0,12,100,2056,2056,v001,agent:DataEngineer
2026-07-21,2,10:00,voice,Meridian,1,1,1,0,15,100,1979,1979,v001,agent:DataEngineer
2026-07-21,2,10:30,voice,Meridian,1,1,1,0,11,100,1800,1800,v001,agent:DataEngineer
2026-07-21,2,11:00,voice,Meridian,1,1,1,0,15,100,1749,1749,v001,agent:DataEngineer
2026-07-21,2,11:30,voice,Meridian,2,1,1,1,205,50,1886,1886,v001,agent:DataEngineer
2026-07-21,2,12:00,voice,Meridian,1,1,1,0,12,100,1884,1884,v001,agent:DataEngineer
2026-07-21,2,12:30,voice,Meridian,1,1,1,0,13,100,1971,1971,v001,agent:DataEngineer
2026-07-21,2,13:00,voice,Meridian,1,1,1,0,13,100,1940,1940,v001,agent:DataEngineer
2026-07-21,2,13:30,voice,Meridian,1,1,1,0,13,100,1641,1641,v001,agent:DataEngineer
2026-07-21,2,14:00,voice,Meridian,1,1,1,0,12,100,1972,1972,v001,agent:DataEngineer
2026-07-21,2,14:30,voice,Meridian,2,2,2,0,11,100,1831,1831,v001,agent:DataEngineer
2026-07-21,2,15:00,voice,Meridian,1,1,1,0,14,100,1889,1889,v001,agent:DataEngineer
2026-07-21,2,15:30,voice,Meridian,1,1,1,0,11,100,1944,1944,v001,agent:DataEngineer
2026-07-21,2,16:00,voice,Meridian,1,1,1,0,11,100,1740,1740,v001,agent:DataEngineer
2026-07-21,2,16:30,voice,Meridian,1,1,1,0,12,100,1641,1641,v001,agent:DataEngineer
2026-07-21,2,17:00,voice,Meridian,1,1,1,0,11,100,1802,1802,v001,agent:DataEngineer
2026-07-21,2,17:30,voice,Meridian,1,1,1,0,15,100,1903,1903,v001,agent:DataEngineer
2026-07-21,2,18:00,voice,Meridian,1,1,1,0,12,100,1767,1767,v001,agent:DataEngineer
2026-07-21,2,18:30,voice,Meridian,1,1,1,0,12,100,1836,1836,v001,agent:DataEngineer
2026-07-21,2,19:00,voice,Meridian,0,0,0,0,0,0,0,0,v001,agent:DataEngineer
2026-07-21,2,19:30,voice,Meridian,0,0,0,0,0,0,0,0,v001,agent:DataEngineer
2026-07-21,2,20:00,voice,Meridian,0,0,0,0,0,0,0,0,v001,agent:DataEngineer
2026-07-21,2,20:30,voice,Meridian,0,0,0,0,0,0,0,0,v001,agent:DataEngineer
2026-07-21,2,21:00,voice,Meridian,0,0,0,0,0,0,0,0,v001,agent:DataEngineer
2026-07-21,2,21:30,voice,Meridian,0,0,0,0,0,0,0,0,v001,agent:DataEngineer
2026-07-21,2,22:00,voice,Meridian,0,0,0,0,0,0,0,0,v001,agent:DataEngineer
2026-07-21,2,22:30,voice,Meridian,0,0,0,0,0,0,0,0,v001,agent:DataEngineer
2026-07-21,2,23:00,voice,Meridian,0,0,0,0,0,0,0,0,v001,agent:DataEngineer
2026-07-21,2,23:30,voice,Meridian,0,0,0,0,0,0,0,0,v001,agent:DataEngineer
2026-07-21,2,00:00,chat,Meridian,0,0,0,0,0,0,0,0,v001,agent:DataEngineer
2026-07-21,2,00:30,chat,Meridian,0,0,0,0,0,0,0,0,v001,agent:DataEngineer
2026-07-21,2,01:00,chat,Meridian,0,0,0,0,0,0,0,0,v001,agent:DataEngineer
2026-07-21,2,01:30,chat,Meridian,1,1,1,0,40,100,1174,587,v001,agent:DataEngineer
2026-07-21,2,02:00,chat,Meridian,0,0,0,0,0,0,0,0,v001,agent:DataEngineer
2026-07-21,2,02:30,chat,Meridian,0,0,0,0,0,0,0,0,v001,agent:DataEngineer
2026-07-21,2,03:00,chat,Meridian,0,0,0,0,0,0,0,0,v001,agent:DataEngineer
2026-07-21,2,03:30,chat,Meridian,0,0,0,0,0,0,0,0,v001,agent:DataEngineer
2026-07-21,2,04:00,chat,Meridian,0,0,0,0,0,0,0,0,v001,agent:DataEngineer
2026-07-21,2,04:30,chat,Meridian,1,1,1,0,53,100,1083,542,v001,agent:DataEngineer
2026-07-21,2,05:00,chat,Meridian,1,1,1,0,45,100,1247,624,v001,agent:DataEngineer
2026-07-21,2,05:30,chat,Meridian,0,0,0,0,0,0,0,0,v001,agent:DataEngineer
2026-07-21,2,06:00,chat,Meridian,0,0,0,0,0,0,0,0,v001,agent:DataEngineer
2026-07-21,2,06:30,chat,Meridian,0,0,0,0,0,0,0,0,v001,agent:DataEngineer
2026-07-21,2,07:00,chat,Meridian,1,1,1,0,48,100,1121,560,v001,agent:DataEngineer
2026-07-21,2,07:30,chat,Meridian,1,1,1,0,45,100,1092,546,v001,agent:DataEngineer
2026-07-21,2,08:00,chat,Meridian,1,1,1,0,47,100,1050,525,v001,agent:DataEngineer
2026-07-21,2,08:30,chat,Meridian,2,2,2,0,38,100,1108,554,v001,agent:DataEngineer
2026-07-21,2,09:00,chat,Meridian,3,3,3,0,56,100,1075,537,v001,agent:DataEngineer
2026-07-21,2,09:30,chat,Meridian,3,3,3,0,44,100,1030,515,v001,agent:DataEngineer
2026-07-21,2,10:00,chat,Meridian,3,3,3,0,47,100,1111,555,v001,agent:DataEngineer
2026-07-21,2,10:30,chat,Meridian,4,3,3,1,133,75,1038,519,v001,agent:DataEngineer
2026-07-21,2,11:00,chat,Meridian,4,3,3,1,149,75,1152,576,v001,agent:DataEngineer
2026-07-21,2,11:30,chat,Meridian,3,3,3,0,47,100,1123,561,v001,agent:DataEngineer
2026-07-21,2,12:00,chat,Meridian,3,3,3,0,46,100,1157,579,v001,agent:DataEngineer
2026-07-21,2,12:30,chat,Meridian,3,3,3,0,49,100,1142,571,v001,agent:DataEngineer
2026-07-21,2,13:00,chat,Meridian,2,2,2,0,52,100,1197,599,v001,agent:DataEngineer
2026-07-21,2,13:30,chat,Meridian,3,3,3,0,49,100,1222,611,v001,agent:DataEngineer
2026-07-21,2,14:00,chat,Meridian,2,2,2,0,47,100,1212,606,v001,agent:DataEngineer
2026-07-21,2,14:30,chat,Meridian,3,3,3,0,36,100,1027,513,v001,agent:DataEngineer
2026-07-21,2,15:00,chat,Meridian,3,3,3,0,43,100,1210,605,v001,agent:DataEngineer
2026-07-21,2,15:30,chat,Meridian,2,2,2,0,43,100,1130,565,v001,agent:DataEngineer
2026-07-21,2,16:00,chat,Meridian,3,3,3,0,48,100,1175,587,v001,agent:DataEngineer
2026-07-21,2,16:30,chat,Meridian,2,2,2,0,46,100,1123,561,v001,agent:DataEngineer
2026-07-21,2,17:00,chat,Meridian,1,1,1,0,41,100,1205,602,v001,agent:DataEngineer
2026-07-21,2,17:30,chat,Meridian,1,1,1,0,43,100,1175,588,v001,agent:DataEngineer
2026-07-21,2,18:00,chat,Meridian,1,1,1,0,43,100,1194,597,v001,agent:DataEngineer
2026-07-21,2,18:30,chat,Meridian,1,1,1,0,48,100,1115,558,v001,agent:DataEngineer
2026-07-21,2,19:00,chat,Meridian,1,1,1,0,49,100,1369,684,v001,agent:DataEngineer
2026-07-21,2,19:30,chat,Meridian,0,0,0,0,0,0,0,0,v001,agent:DataEngineer
2026-07-21,2,20:00,chat,Meridian,0,0,0,0,0,0,0,0,v001,agent:DataEngineer
2026-07-21,2,20:30,chat,Meridian,0,0,0,0,0,0,0,0,v001,agent:DataEngineer
2026-07-21,2,21:00,chat,Meridian,0,0,0,0,0,0,0,0,v001,agent:DataEngineer
2026-07-21,2,21:30,chat,Meridian,0,0,0,0,0,0,0,0,v001,agent:DataEngineer
2026-07-21,2,22:00,chat,Meridian,0,0,0,0,0,0,0,0,v001,agent:DataEngineer
2026-07-21,2,22:30,chat,Meridian,0,0,0,0,0,0,0,0,v001,agent:DataEngineer
2026-07-21,2,23:00,chat,Meridian,0,0,0,0,0,0,0,0,v001,agent:DataEngineer
2026-07-21,2,23:30,chat,Meridian,0,0,0,0,0,0,0,0,v001,agent:DataEngineer
2026-07-22,3,00:00,voice,Meridian,0,0,0,0,0,0,0,0,v001,agent:DataEngineer
2026-07-22,3,00:30,voice,Meridian,0,0,0,0,0,0,0,0,v001,agent:DataEngineer
2026-07-22,3,01:00,voice,Meridian,0,0,0,0,0,0,0,0,v001,agent:DataEngineer
2026-07-22,3,01:30,voice,Meridian,0,0,0,0,0,0,0,0,v001,agent:DataEngineer
2026-07-22,3,02:00,voice,Meridian,0,0,0,0,0,0,0,0,v001,agent:DataEngineer
2026-07-22,3,02:30,voice,Meridian,0,0,0,0,0,0,0,0,v001,agent:DataEngineer
2026-07-22,3,03:00,voice,Meridian,0,0,0,0,0,0,0,0,v001,agent:DataEngineer
2026-07-22,3,03:30,voice,Meridian,0,0,0,0,0,0,0,0,v001,agent:DataEngineer
2026-07-22,3,04:00,voice,Meridian,0,0,0,0,0,0,0,0,v001,agent:DataEngineer
2026-07-22,3,04:30,voice,Meridian,0,0,0,0,0,0,0,0,v001,agent:DataEngineer
2026-07-22,3,05:00,voice,Meridian,0,0,0,0,0,0,0,0,v001,agent:DataEngineer
2026-07-22,3,05:30,voice,Meridian,0,0,0,0,0,0,0,0,v001,agent:DataEngineer
2026-07-22,3,06:00,voice,Meridian,0,0,0,0,0,0,0,0,v001,agent:DataEngineer
2026-07-22,3,06:30,voice,Meridian,0,0,0,0,0,0,0,0,v001,agent:DataEngineer
2026-07-22,3,07:00,voice,Meridian,0,0,0,0,0,0,0,0,v001,agent:DataEngineer
2026-07-22,3,07:30,voice,Meridian,1,1,1,0,11,100,1972,1972,v001,agent:DataEngineer
2026-07-22,3,08:00,voice,Meridian,1,1,1,0,13,100,1994,1994,v001,agent:DataEngineer
2026-07-22,3,08:30,voice,Meridian,1,1,1,0,10,100,1845,1845,v001,agent:DataEngineer
2026-07-22,3,09:00,voice,Meridian,1,1,1,0,12,100,1858,1858,v001,agent:DataEngineer
2026-07-22,3,09:30,voice,Meridian,1,1,1,0,10,100,1628,1628,v001,agent:DataEngineer
2026-07-22,3,10:00,voice,Meridian,2,2,2,0,11,100,1806,1806,v001,agent:DataEngineer
2026-07-22,3,10:30,voice,Meridian,2,2,2,0,15,100,1811,1811,v001,agent:DataEngineer
2026-07-22,3,11:00,voice,Meridian,2,2,2,0,10,100,1932,1932,v001,agent:DataEngineer
2026-07-22,3,11:30,voice,Meridian,1,1,1,0,11,100,1760,1760,v001,agent:DataEngineer
2026-07-22,3,12:00,voice,Meridian,1,1,1,0,13,100,1836,1836,v001,agent:DataEngineer
2026-07-22,3,12:30,voice,Meridian,1,1,1,0,16,100,1768,1768,v001,agent:DataEngineer
2026-07-22,3,13:00,voice,Meridian,1,1,1,0,13,100,1714,1714,v001,agent:DataEngineer
2026-07-22,3,13:30,voice,Meridian,1,1,1,0,13,100,1734,1734,v001,agent:DataEngineer
2026-07-22,3,14:00,voice,Meridian,1,1,1,0,12,100,1803,1803,v001,agent:DataEngineer
2026-07-22,3,14:30,voice,Meridian,1,1,1,0,10,100,2000,2000,v001,agent:DataEngineer
2026-07-22,3,15:00,voice,Meridian,2,2,2,0,12,100,1699,1699,v001,agent:DataEngineer
2026-07-22,3,15:30,voice,Meridian,1,1,1,0,11,100,1673,1673,v001,agent:DataEngineer
2026-07-22,3,16:00,voice,Meridian,2,1,1,1,271,50,1910,1910,v001,agent:DataEngineer
2026-07-22,3,16:30,voice,Meridian,1,1,1,0,10,100,1795,1795,v001,agent:DataEngineer
2026-07-22,3,17:00,voice,Meridian,1,1,1,0,12,100,1811,1811,v001,agent:DataEngineer
2026-07-22,3,17:30,voice,Meridian,1,1,1,0,11,100,1712,1712,v001,agent:DataEngineer
2026-07-22,3,18:00,voice,Meridian,1,1,1,0,12,100,1939,1939,v001,agent:DataEngineer
2026-07-22,3,18:30,voice,Meridian,0,0,0,0,0,0,0,0,v001,agent:DataEngineer
2026-07-22,3,19:00,voice,Meridian,0,0,0,0,0,0,0,0,v001,agent:DataEngineer
2026-07-22,3,19:30,voice,Meridian,0,0,0,0,0,0,0,0,v001,agent:DataEngineer
2026-07-22,3,20:00,voice,Meridian,0,0,0,0,0,0,0,0,v001,agent:DataEngineer
2026-07-22,3,20:30,voice,Meridian,0,0,0,0,0,0,0,0,v001,agent:DataEngineer
2026-07-22,3,21:00,voice,Meridian,0,0,0,0,0,0,0,0,v001,agent:DataEngineer
2026-07-22,3,21:30,voice,Meridian,0,0,0,0,0,0,0,0,v001,agent:DataEngineer
2026-07-22,3,22:00,voice,Meridian,0,0,0,0,0,0,0,0,v001,agent:DataEngineer
2026-07-22,3,22:30,voice,Meridian,0,0,0,0,0,0,0,0,v001,agent:DataEngineer
2026-07-22,3,23:00,voice,Meridian,0,0,0,0,0,0,0,0,v001,agent:DataEngineer
2026-07-22,3,23:30,voice,Meridian,0,0,0,0,0,0,0,0,v001,agent:DataEngineer
2026-07-22,3,00:00,chat,Meridian,0,0,0,0,0,0,0,0,v001,agent:DataEngineer
2026-07-22,3,00:30,chat,Meridian,0,0,0,0,0,0,0,0,v001,agent:DataEngineer
2026-07-22,3,01:00,chat,Meridian,0,0,0,0,0,0,0,0,v001,agent:DataEngineer
2026-07-22,3,01:30,chat,Meridian,0,0,0,0,0,0,0,0,v001,agent:DataEngineer
2026-07-22,3,02:00,chat,Meridian,0,0,0,0,0,0,0,0,v001,agent:DataEngineer
2026-07-22,3,02:30,chat,Meridian,0,0,0,0,0,0,0,0,v001,agent:DataEngineer
2026-07-22,3,03:00,chat,Meridian,0,0,0,0,0,0,0,0,v001,agent:DataEngineer
2026-07-22,3,03:30,chat,Meridian,0,0,0,0,0,0,0,0,v001,agent:DataEngineer
2026-07-22,3,04:00,chat,Meridian,0,0,0,0,0,0,0,0,v001,agent:DataEngineer
2026-07-22,3,04:30,chat,Meridian,1,1,1,0,49,100,1150,575,v001,agent:DataEngineer
2026-07-22,3,05:00,chat,Meridian,0,0,0,0,0,0,0,0,v001,agent:DataEngineer
2026-07-22,3,05:30,chat,Meridian,1,1,1,0,48,100,959,479,v001,agent:DataEngineer
2026-07-22,3,06:00,chat,Meridian,0,0,0,0,0,0,0,0,v001,agent:DataEngineer
2026-07-22,3,06:30,chat,Meridian,1,1,1,0,44,100,1085,542,v001,agent:DataEngineer
2026-07-22,3,07:00,chat,Meridian,1,1,1,0,43,100,1092,546,v001,agent:DataEngineer
2026-07-22,3,07:30,chat,Meridian,1,1,1,0,43,100,1037,519,v001,agent:DataEngineer
2026-07-22,3,08:00,chat,Meridian,1,1,1,0,36,100,1037,518,v001,agent:DataEngineer
2026-07-22,3,08:30,chat,Meridian,2,2,2,0,46,100,1010,505,v001,agent:DataEngineer
2026-07-22,3,09:00,chat,Meridian,2,2,2,0,45,100,978,489,v001,agent:DataEngineer
2026-07-22,3,09:30,chat,Meridian,3,2,2,1,193,66.7,981,491,v001,agent:DataEngineer
2026-07-22,3,10:00,chat,Meridian,3,3,3,0,41,100,1100,550,v001,agent:DataEngineer
2026-07-22,3,10:30,chat,Meridian,3,3,3,0,42,100,1075,538,v001,agent:DataEngineer
2026-07-22,3,11:00,chat,Meridian,3,3,2,0,188,66.7,1101,550,v001,agent:DataEngineer
2026-07-22,3,11:30,chat,Meridian,2,2,2,0,58,100,908,454,v001,agent:DataEngineer
2026-07-22,3,12:00,chat,Meridian,3,3,3,0,42,100,1069,534,v001,agent:DataEngineer
2026-07-22,3,12:30,chat,Meridian,4,4,4,0,47,100,1041,521,v001,agent:DataEngineer
2026-07-22,3,13:00,chat,Meridian,2,2,2,0,41,100,1039,519,v001,agent:DataEngineer
2026-07-22,3,13:30,chat,Meridian,3,3,3,0,54,100,996,498,v001,agent:DataEngineer
2026-07-22,3,14:00,chat,Meridian,2,2,2,0,45,100,1032,516,v001,agent:DataEngineer
2026-07-22,3,14:30,chat,Meridian,3,3,3,0,41,100,964,482,v001,agent:DataEngineer
2026-07-22,3,15:00,chat,Meridian,3,3,2,0,175,66.7,1106,553,v001,agent:DataEngineer
2026-07-22,3,15:30,chat,Meridian,3,2,2,1,201,66.7,1186,593,v001,agent:DataEngineer
2026-07-22,3,16:00,chat,Meridian,3,3,3,0,43,100,980,490,v001,agent:DataEngineer
2026-07-22,3,16:30,chat,Meridian,2,2,2,0,43,100,1149,575,v001,agent:DataEngineer
2026-07-22,3,17:00,chat,Meridian,2,2,2,0,44,100,950,475,v001,agent:DataEngineer
2026-07-22,3,17:30,chat,Meridian,1,1,1,0,45,100,1022,511,v001,agent:DataEngineer
2026-07-22,3,18:00,chat,Meridian,1,1,1,0,48,100,1153,576,v001,agent:DataEngineer
2026-07-22,3,18:30,chat,Meridian,1,1,1,0,45,100,1014,507,v001,agent:DataEngineer
2026-07-22,3,19:00,chat,Meridian,1,1,1,0,31,100,1020,510,v001,agent:DataEngineer
2026-07-22,3,19:30,chat,Meridian,1,1,1,0,40,100,1023,511,v001,agent:DataEngineer
2026-07-22,3,20:00,chat,Meridian,0,0,0,0,0,0,0,0,v001,agent:DataEngineer
2026-07-22,3,20:30,chat,Meridian,1,1,1,0,53,100,1206,603,v001,agent:DataEngineer
2026-07-22,3,21:00,chat,Meridian,1,1,1,0,53,100,1082,541,v001,agent:DataEngineer
2026-07-22,3,21:30,chat,Meridian,0,0,0,0,0,0,0,0,v001,agent:DataEngineer
2026-07-22,3,22:00,chat,Meridian,0,0,0,0,0,0,0,0,v001,agent:DataEngineer
2026-07-22,3,22:30,chat,Meridian,0,0,0,0,0,0,0,0,v001,agent:DataEngineer
2026-07-22,3,23:00,chat,Meridian,0,0,0,0,0,0,0,0,v001,agent:DataEngineer
2026-07-22,3,23:30,chat,Meridian,0,0,0,0,0,0,0,0,v001,agent:DataEngineer
2026-07-23,4,00:00,voice,Meridian,0,0,0,0,0,0,0,0,v001,agent:DataEngineer
2026-07-23,4,00:30,voice,Meridian,0,0,0,0,0,0,0,0,v001,agent:DataEngineer
2026-07-23,4,01:00,voice,Meridian,0,0,0,0,0,0,0,0,v001,agent:DataEngineer
2026-07-23,4,01:30,voice,Meridian,0,0,0,0,0,0,0,0,v001,agent:DataEngineer
2026-07-23,4,02:00,voice,Meridian,0,0,0,0,0,0,0,0,v001,agent:DataEngineer
2026-07-23,4,02:30,voice,Meridian,0,0,0,0,0,0,0,0,v001,agent:DataEngineer
2026-07-23,4,03:00,voice,Meridian,0,0,0,0,0,0,0,0,v001,agent:DataEngineer
2026-07-23,4,03:30,voice,Meridian,0,0,0,0,0,0,0,0,v001,agent:DataEngineer
2026-07-23,4,04:00,voice,Meridian,0,0,0,0,0,0,0,0,v001,agent:DataEngineer
2026-07-23,4,04:30,voice,Meridian,0,0,0,0,0,0,0,0,v001,agent:DataEngineer
2026-07-23,4,05:00,voice,Meridian,0,0,0,0,0,0,0,0,v001,agent:DataEngineer
2026-07-23,4,05:30,voice,Meridian,0,0,0,0,0,0,0,0,v001,agent:DataEngineer
2026-07-23,4,06:00,voice,Meridian,0,0,0,0,0,0,0,0,v001,agent:DataEngineer
2026-07-23,4,06:30,voice,Meridian,0,0,0,0,0,0,0,0,v001,agent:DataEngineer
2026-07-23,4,07:00,voice,Meridian,0,0,0,0,0,0,0,0,v001,agent:DataEngineer
2026-07-23,4,07:30,voice,Meridian,1,1,1,0,11,100,1918,1918,v001,agent:DataEngineer
2026-07-23,4,08:00,voice,Meridian,1,1,1,0,12,100,1906,1906,v001,agent:DataEngineer
2026-07-23,4,08:30,voice,Meridian,1,1,1,0,12,100,1906,1906,v001,agent:DataEngineer
2026-07-23,4,09:00,voice,Meridian,1,1,1,0,13,100,2026,2026,v001,agent:DataEngineer
2026-07-23,4,09:30,voice,Meridian,1,1,1,0,12,100,1936,1936,v001,agent:DataEngineer
2026-07-23,4,10:00,voice,Meridian,1,1,1,0,12,100,2009,2009,v001,agent:DataEngineer
2026-07-23,4,10:30,voice,Meridian,2,2,2,0,14,100,1999,1999,v001,agent:DataEngineer
2026-07-23,4,11:00,voice,Meridian,1,1,1,0,11,100,1965,1965,v001,agent:DataEngineer
2026-07-23,4,11:30,voice,Meridian,1,1,1,0,11,100,2129,2129,v001,agent:DataEngineer
2026-07-23,4,12:00,voice,Meridian,1,1,1,0,11,100,1854,1854,v001,agent:DataEngineer
2026-07-23,4,12:30,voice,Meridian,1,1,1,0,10,100,1868,1868,v001,agent:DataEngineer
2026-07-23,4,13:00,voice,Meridian,1,1,1,0,13,100,1914,1914,v001,agent:DataEngineer
2026-07-23,4,13:30,voice,Meridian,1,1,1,0,12,100,2042,2042,v001,agent:DataEngineer
2026-07-23,4,14:00,voice,Meridian,1,1,1,0,14,100,2006,2006,v001,agent:DataEngineer
2026-07-23,4,14:30,voice,Meridian,1,1,1,0,11,100,1937,1937,v001,agent:DataEngineer
2026-07-23,4,15:00,voice,Meridian,2,1,1,1,231,50,2044,2044,v001,agent:DataEngineer
2026-07-23,4,15:30,voice,Meridian,1,1,1,0,13,100,1966,1966,v001,agent:DataEngineer
2026-07-23,4,16:00,voice,Meridian,1,1,1,0,10,100,2006,2006,v001,agent:DataEngineer
2026-07-23,4,16:30,voice,Meridian,1,1,1,0,13,100,1942,1942,v001,agent:DataEngineer
2026-07-23,4,17:00,voice,Meridian,1,1,1,0,14,100,2072,2072,v001,agent:DataEngineer
2026-07-23,4,17:30,voice,Meridian,1,1,1,0,12,100,1994,1994,v001,agent:DataEngineer
2026-07-23,4,18:00,voice,Meridian,0,0,0,0,0,0,0,0,v001,agent:DataEngineer
2026-07-23,4,18:30,voice,Meridian,0,0,0,0,0,0,0,0,v001,agent:DataEngineer
2026-07-23,4,19:00,voice,Meridian,0,0,0,0,0,0,0,0,v001,agent:DataEngineer
2026-07-23,4,19:30,voice,Meridian,0,0,0,0,0,0,0,0,v001,agent:DataEngineer
2026-07-23,4,20:00,voice,Meridian,0,0,0,0,0,0,0,0,v001,agent:DataEngineer
2026-07-23,4,20:30,voice,Meridian,0,0,0,0,0,0,0,0,v001,agent:DataEngineer
2026-07-23,4,21:00,voice,Meridian,0,0,0,0,0,0,0,0,v001,agent:DataEngineer
2026-07-23,4,21:30,voice,Meridian,0,0,0,0,0,0,0,0,v001,agent:DataEngineer
2026-07-23,4,22:00,voice,Meridian,0,0,0,0,0,0,0,0,v001,agent:DataEngineer
2026-07-23,4,22:30,voice,Meridian,0,0,0,0,0,0,0,0,v001,agent:DataEngineer
2026-07-23,4,23:00,voice,Meridian,0,0,0,0,0,0,0,0,v001,agent:DataEngineer
2026-07-23,4,23:30,voice,Meridian,0,0,0,0,0,0,0,0,v001,agent:DataEngineer
2026-07-23,4,00:00,chat,Meridian,0,0,0,0,0,0,0,0,v001,agent:DataEngineer
2026-07-23,4,00:30,chat,Meridian,0,0,0,0,0,0,0,0,v001,agent:DataEngineer
2026-07-23,4,01:00,chat,Meridian,0,0,0,0,0,0,0,0,v001,agent:DataEngineer
2026-07-23,4,01:30,chat,Meridian,0,0,0,0,0,0,0,0,v001,agent:DataEngineer
2026-07-23,4,02:00,chat,Meridian,0,0,0,0,0,0,0,0,v001,agent:DataEngineer
2026-07-23,4,02:30,chat,Meridian,0,0,0,0,0,0,0,0,v001,agent:DataEngineer
2026-07-23,4,03:00,chat,Meridian,0,0,0,0,0,0,0,0,v001,agent:DataEngineer
2026-07-23,4,03:30,chat,Meridian,0,0,0,0,0,0,0,0,v001,agent:DataEngineer
2026-07-23,4,04:00,chat,Meridian,0,0,0,0,0,0,0,0,v001,agent:DataEngineer
2026-07-23,4,04:30,chat,Meridian,0,0,0,0,0,0,0,0,v001,agent:DataEngineer
2026-07-23,4,05:00,chat,Meridian,0,0,0,0,0,0,0,0,v001,agent:DataEngineer
2026-07-23,4,05:30,chat,Meridian,0,0,0,0,0,0,0,0,v001,agent:DataEngineer
2026-07-23,4,06:00,chat,Meridian,0,0,0,0,0,0,0,0,v001,agent:DataEngineer
2026-07-23,4,06:30,chat,Meridian,1,1,1,0,50,100,1027,514,v001,agent:DataEngineer
2026-07-23,4,07:00,chat,Meridian,1,1,1,0,47,100,936,468,v001,agent:DataEngineer
2026-07-23,4,07:30,chat,Meridian,1,1,1,0,43,100,1118,559,v001,agent:DataEngineer
2026-07-23,4,08:00,chat,Meridian,1,1,1,0,51,100,1016,508,v001,agent:DataEngineer
2026-07-23,4,08:30,chat,Meridian,2,2,2,0,44,100,997,498,v001,agent:DataEngineer
2026-07-23,4,09:00,chat,Meridian,2,2,2,0,51,100,1073,536,v001,agent:DataEngineer
2026-07-23,4,09:30,chat,Meridian,2,2,2,0,45,100,1023,511,v001,agent:DataEngineer
2026-07-23,4,10:00,chat,Meridian,3,3,3,0,41,100,938,469,v001,agent:DataEngineer
2026-07-23,4,10:30,chat,Meridian,3,3,3,0,42,100,996,498,v001,agent:DataEngineer
2026-07-23,4,11:00,chat,Meridian,2,2,2,0,46,100,891,445,v001,agent:DataEngineer
2026-07-23,4,11:30,chat,Meridian,3,3,3,0,42,100,1041,521,v001,agent:DataEngineer
2026-07-23,4,12:00,chat,Meridian,3,2,2,1,269,66.7,972,486,v001,agent:DataEngineer
2026-07-23,4,12:30,chat,Meridian,2,2,2,0,44,100,919,460,v001,agent:DataEngineer
2026-07-23,4,13:00,chat,Meridian,2,2,2,0,43,100,1059,530,v001,agent:DataEngineer
2026-07-23,4,13:30,chat,Meridian,2,2,2,0,41,100,915,457,v001,agent:DataEngineer
2026-07-23,4,14:00,chat,Meridian,2,2,2,0,44,100,1047,524,v001,agent:DataEngineer
2026-07-23,4,14:30,chat,Meridian,3,3,3,0,39,100,1025,513,v001,agent:DataEngineer
2026-07-23,4,15:00,chat,Meridian,3,3,3,0,43,100,1131,565,v001,agent:DataEngineer
2026-07-23,4,15:30,chat,Meridian,3,2,2,1,213,66.7,958,479,v001,agent:DataEngineer
2026-07-23,4,16:00,chat,Meridian,2,2,2,0,36,100,1028,514,v001,agent:DataEngineer
2026-07-23,4,16:30,chat,Meridian,2,2,2,0,41,100,968,484,v001,agent:DataEngineer
2026-07-23,4,17:00,chat,Meridian,1,1,1,0,39,100,1037,518,v001,agent:DataEngineer
2026-07-23,4,17:30,chat,Meridian,1,1,1,0,42,100,1014,507,v001,agent:DataEngineer
2026-07-23,4,18:00,chat,Meridian,1,1,1,0,44,100,1075,538,v001,agent:DataEngineer
2026-07-23,4,18:30,chat,Meridian,1,1,1,0,45,100,1174,587,v001,agent:DataEngineer
2026-07-23,4,19:00,chat,Meridian,1,1,1,0,44,100,1036,518,v001,agent:DataEngineer
2026-07-23,4,19:30,chat,Meridian,0,0,0,0,0,0,0,0,v001,agent:DataEngineer
2026-07-23,4,20:00,chat,Meridian,1,1,1,0,46,100,1073,536,v001,agent:DataEngineer
2026-07-23,4,20:30,chat,Meridian,0,0,0,0,0,0,0,0,v001,agent:DataEngineer
2026-07-23,4,21:00,chat,Meridian,0,0,0,0,0,0,0,0,v001,agent:DataEngineer
2026-07-23,4,21:30,chat,Meridian,0,0,0,0,0,0,0,0,v001,agent:DataEngineer
2026-07-23,4,22:00,chat,Meridian,0,0,0,0,0,0,0,0,v001,agent:DataEngineer
2026-07-23,4,22:30,chat,Meridian,0,0,0,0,0,0,0,0,v001,agent:DataEngineer
2026-07-23,4,23:00,chat,Meridian,0,0,0,0,0,0,0,0,v001,agent:DataEngineer
2026-07-23,4,23:30,chat,Meridian,0,0,0,0,0,0,0,0,v001,agent:DataEngineer
2026-07-24,5,00:00,voice,Meridian,0,0,0,0,0,0,0,0,v001,agent:DataEngineer
2026-07-24,5,00:30,voice,Meridian,0,0,0,0,0,0,0,0,v001,agent:DataEngineer
2026-07-24,5,01:00,voice,Meridian,0,0,0,0,0,0,0,0,v001,agent:DataEngineer
2026-07-24,5,01:30,voice,Meridian,0,0,0,0,0,0,0,0,v001,agent:DataEngineer
2026-07-24,5,02:00,voice,Meridian,0,0,0,0,0,0,0,0,v001,agent:DataEngineer
2026-07-24,5,02:30,voice,Meridian,0,0,0,0,0,0,0,0,v001,agent:DataEngineer
2026-07-24,5,03:00,voice,Meridian,0,0,0,0,0,0,0,0,v001,agent:DataEngineer
2026-07-24,5,03:30,voice,Meridian,0,0,0,0,0,0,0,0,v001,agent:DataEngineer
2026-07-24,5,04:00,voice,Meridian,0,0,0,0,0,0,0,0,v001,agent:DataEngineer
2026-07-24,5,04:30,voice,Meridian,0,0,0,0,0,0,0,0,v001,agent:DataEngineer
2026-07-24,5,05:00,voice,Meridian,0,0,0,0,0,0,0,0,v001,agent:DataEngineer
2026-07-24,5,05:30,voice,Meridian,0,0,0,0,0,0,0,0,v001,agent:DataEngineer
2026-07-24,5,06:00,voice,Meridian,0,0,0,0,0,0,0,0,v001,agent:DataEngineer
2026-07-24,5,06:30,voice,Meridian,0,0,0,0,0,0,0,0,v001,agent:DataEngineer
2026-07-24,5,07:00,voice,Meridian,0,0,0,0,0,0,0,0,v001,agent:DataEngineer
2026-07-24,5,07:30,voice,Meridian,0,0,0,0,0,0,0,0,v001,agent:DataEngineer
2026-07-24,5,08:00,voice,Meridian,1,1,1,0,11,100,2249,2249,v001,agent:DataEngineer
2026-07-24,5,08:30,voice,Meridian,1,1,1,0,12,100,2242,2242,v001,agent:DataEngineer
2026-07-24,5,09:00,voice,Meridian,1,1,1,0,12,100,1968,1968,v001,agent:DataEngineer
2026-07-24,5,09:30,voice,Meridian,1,1,1,0,14,100,2126,2126,v001,agent:DataEngineer
2026-07-24,5,10:00,voice,Meridian,2,2,2,0,14,100,2082,2082,v001,agent:DataEngineer
2026-07-24,5,10:30,voice,Meridian,2,2,2,0,12,100,2008,2008,v001,agent:DataEngineer
2026-07-24,5,11:00,voice,Meridian,2,1,1,1,231,50,1937,1937,v001,agent:DataEngineer
2026-07-24,5,11:30,voice,Meridian,1,1,1,0,10,100,2093,2093,v001,agent:DataEngineer
2026-07-24,5,12:00,voice,Meridian,1,1,1,0,12,100,2016,2016,v001,agent:DataEngineer
2026-07-24,5,12:30,voice,Meridian,1,1,1,0,12,100,2183,2183,v001,agent:DataEngineer
2026-07-24,5,13:00,voice,Meridian,1,1,1,0,13,100,2193,2193,v001,agent:DataEngineer
2026-07-24,5,13:30,voice,Meridian,1,1,1,0,12,100,2103,2103,v001,agent:DataEngineer
2026-07-24,5,14:00,voice,Meridian,1,1,1,0,12,100,2199,2199,v001,agent:DataEngineer
2026-07-24,5,14:30,voice,Meridian,1,1,1,0,13,100,1930,1930,v001,agent:DataEngineer
2026-07-24,5,15:00,voice,Meridian,1,1,1,0,11,100,1935,1935,v001,agent:DataEngineer
2026-07-24,5,15:30,voice,Meridian,1,1,1,0,11,100,1944,1944,v001,agent:DataEngineer
2026-07-24,5,16:00,voice,Meridian,1,1,1,0,12,100,1687,1687,v001,agent:DataEngineer
2026-07-24,5,16:30,voice,Meridian,1,1,1,0,11,100,1936,1936,v001,agent:DataEngineer
2026-07-24,5,17:00,voice,Meridian,1,1,1,0,12,100,1847,1847,v001,agent:DataEngineer
2026-07-24,5,17:30,voice,Meridian,1,1,1,0,11,100,1874,1874,v001,agent:DataEngineer
2026-07-24,5,18:00,voice,Meridian,1,1,1,0,13,100,2125,2125,v001,agent:DataEngineer
2026-07-24,5,18:30,voice,Meridian,0,0,0,0,0,0,0,0,v001,agent:DataEngineer
2026-07-24,5,19:00,voice,Meridian,0,0,0,0,0,0,0,0,v001,agent:DataEngineer
2026-07-24,5,19:30,voice,Meridian,0,0,0,0,0,0,0,0,v001,agent:DataEngineer
2026-07-24,5,20:00,voice,Meridian,0,0,0,0,0,0,0,0,v001,agent:DataEngineer
2026-07-24,5,20:30,voice,Meridian,0,0,0,0,0,0,0,0,v001,agent:DataEngineer
2026-07-24,5,21:00,voice,Meridian,0,0,0,0,0,0,0,0,v001,agent:DataEngineer
2026-07-24,5,21:30,voice,Meridian,0,0,0,0,0,0,0,0,v001,agent:DataEngineer
2026-07-24,5,22:00,voice,Meridian,0,0,0,0,0,0,0,0,v001,agent:DataEngineer
2026-07-24,5,22:30,voice,Meridian,0,0,0,0,0,0,0,0,v001,agent:DataEngineer
2026-07-24,5,23:00,voice,Meridian,0,0,0,0,0,0,0,0,v001,agent:DataEngineer
2026-07-24,5,23:30,voice,Meridian,0,0,0,0,0,0,0,0,v001,agent:DataEngineer
2026-07-24,5,00:00,chat,Meridian,0,0,0,0,0,0,0,0,v001,agent:DataEngineer
2026-07-24,5,00:30,chat,Meridian,0,0,0,0,0,0,0,0,v001,agent:DataEngineer
2026-07-24,5,01:00,chat,Meridian,0,0,0,0,0,0,0,0,v001,agent:DataEngineer
2026-07-24,5,01:30,chat,Meridian,0,0,0,0,0,0,0,0,v001,agent:DataEngineer
2026-07-24,5,02:00,chat,Meridian,1,1,1,0,47,100,1088,544,v001,agent:DataEngineer
2026-07-24,5,02:30,chat,Meridian,0,0,0,0,0,0,0,0,v001,agent:DataEngineer
2026-07-24,5,03:00,chat,Meridian,0,0,0,0,0,0,0,0,v001,agent:DataEngineer
2026-07-24,5,03:30,chat,Meridian,0,0,0,0,0,0,0,0,v001,agent:DataEngineer
2026-07-24,5,04:00,chat,Meridian,0,0,0,0,0,0,0,0,v001,agent:DataEngineer
2026-07-24,5,04:30,chat,Meridian,0,0,0,0,0,0,0,0,v001,agent:DataEngineer
2026-07-24,5,05:00,chat,Meridian,0,0,0,0,0,0,0,0,v001,agent:DataEngineer
2026-07-24,5,05:30,chat,Meridian,1,1,1,0,38,100,1156,578,v001,agent:DataEngineer
2026-07-24,5,06:00,chat,Meridian,0,0,0,0,0,0,0,0,v001,agent:DataEngineer
2026-07-24,5,06:30,chat,Meridian,1,1,1,0,51,100,1052,526,v001,agent:DataEngineer
2026-07-24,5,07:00,chat,Meridian,1,1,1,0,51,100,1084,542,v001,agent:DataEngineer
2026-07-24,5,07:30,chat,Meridian,1,1,1,0,44,100,1097,549,v001,agent:DataEngineer
2026-07-24,5,08:00,chat,Meridian,1,1,1,0,38,100,1101,551,v001,agent:DataEngineer
2026-07-24,5,08:30,chat,Meridian,1,1,1,0,40,100,1195,598,v001,agent:DataEngineer
2026-07-24,5,09:00,chat,Meridian,3,3,3,0,47,100,1128,564,v001,agent:DataEngineer
2026-07-24,5,09:30,chat,Meridian,3,3,3,0,47,100,1041,520,v001,agent:DataEngineer
2026-07-24,5,10:00,chat,Meridian,3,3,3,0,49,100,1064,532,v001,agent:DataEngineer
2026-07-24,5,10:30,chat,Meridian,3,3,3,0,47,100,1159,580,v001,agent:DataEngineer
2026-07-24,5,11:00,chat,Meridian,2,2,2,0,45,100,1020,510,v001,agent:DataEngineer
2026-07-24,5,11:30,chat,Meridian,3,2,2,1,188,66.7,1129,564,v001,agent:DataEngineer
2026-07-24,5,12:00,chat,Meridian,2,2,2,0,52,100,1023,511,v001,agent:DataEngineer
2026-07-24,5,12:30,chat,Meridian,3,2,2,1,195,66.7,1018,509,v001,agent:DataEngineer
2026-07-24,5,13:00,chat,Meridian,2,2,2,0,46,100,1195,597,v001,agent:DataEngineer
2026-07-24,5,13:30,chat,Meridian,2,2,2,0,47,100,1088,544,v001,agent:DataEngineer
2026-07-24,5,14:00,chat,Meridian,2,2,2,0,42,100,1022,511,v001,agent:DataEngineer
2026-07-24,5,14:30,chat,Meridian,2,2,2,0,40,100,1066,533,v001,agent:DataEngineer
2026-07-24,5,15:00,chat,Meridian,2,2,2,0,44,100,1072,536,v001,agent:DataEngineer
2026-07-24,5,15:30,chat,Meridian,2,2,2,0,42,100,1142,571,v001,agent:DataEngineer
2026-07-24,5,16:00,chat,Meridian,2,2,2,0,52,100,1057,529,v001,agent:DataEngineer
2026-07-24,5,16:30,chat,Meridian,2,2,2,0,52,100,1085,542,v001,agent:DataEngineer
2026-07-24,5,17:00,chat,Meridian,1,1,1,0,44,100,1125,563,v001,agent:DataEngineer
2026-07-24,5,17:30,chat,Meridian,1,1,1,0,39,100,1104,552,v001,agent:DataEngineer
2026-07-24,5,18:00,chat,Meridian,1,1,1,0,40,100,1013,506,v001,agent:DataEngineer
2026-07-24,5,18:30,chat,Meridian,1,1,1,0,47,100,1134,567,v001,agent:DataEngineer
2026-07-24,5,19:00,chat,Meridian,1,1,1,0,52,100,1016,508,v001,agent:DataEngineer
2026-07-24,5,19:30,chat,Meridian,1,1,1,0,47,100,1175,588,v001,agent:DataEngineer
2026-07-24,5,20:00,chat,Meridian,0,0,0,0,0,0,0,0,v001,agent:DataEngineer
2026-07-24,5,20:30,chat,Meridian,0,0,0,0,0,0,0,0,v001,agent:DataEngineer
2026-07-24,5,21:00,chat,Meridian,0,0,0,0,0,0,0,0,v001,agent:DataEngineer
2026-07-24,5,21:30,chat,Meridian,1,1,1,0,42,100,1175,588,v001,agent:DataEngineer
2026-07-24,5,22:00,chat,Meridian,0,0,0,0,0,0,0,0,v001,agent:DataEngineer
2026-07-24,5,22:30,chat,Meridian,0,0,0,0,0,0,0,0,v001,agent:DataEngineer
2026-07-24,5,23:00,chat,Meridian,0,0,0,0,0,0,0,0,v001,agent:DataEngineer
2026-07-24,5,23:30,chat,Meridian,1,1,1,0,45,100,1121,561,v001,agent:DataEngineer
2026-07-25,6,00:00,voice,Meridian,0,0,0,0,0,0,0,0,v001,agent:DataEngineer
2026-07-25,6,00:30,voice,Meridian,0,0,0,0,0,0,0,0,v001,agent:DataEngineer
2026-07-25,6,01:00,voice,Meridian,0,0,0,0,0,0,0,0,v001,agent:DataEngineer
2026-07-25,6,01:30,voice,Meridian,0,0,0,0,0,0,0,0,v001,agent:DataEngineer
2026-07-25,6,02:00,voice,Meridian,0,0,0,0,0,0,0,0,v001,agent:DataEngineer
2026-07-25,6,02:30,voice,Meridian,0,0,0,0,0,0,0,0,v001,agent:DataEngineer
2026-07-25,6,03:00,voice,Meridian,0,0,0,0,0,0,0,0,v001,agent:DataEngineer
2026-07-25,6,03:30,voice,Meridian,0,0,0,0,0,0,0,0,v001,agent:DataEngineer
2026-07-25,6,04:00,voice,Meridian,0,0,0,0,0,0,0,0,v001,agent:DataEngineer
2026-07-25,6,04:30,voice,Meridian,0,0,0,0,0,0,0,0,v001,agent:DataEngineer
2026-07-25,6,05:00,voice,Meridian,0,0,0,0,0,0,0,0,v001,agent:DataEngineer
2026-07-25,6,05:30,voice,Meridian,0,0,0,0,0,0,0,0,v001,agent:DataEngineer
2026-07-25,6,06:00,voice,Meridian,0,0,0,0,0,0,0,0,v001,agent:DataEngineer
2026-07-25,6,06:30,voice,Meridian,0,0,0,0,0,0,0,0,v001,agent:DataEngineer
2026-07-25,6,07:00,voice,Meridian,0,0,0,0,0,0,0,0,v001,agent:DataEngineer
2026-07-25,6,07:30,voice,Meridian,0,0,0,0,0,0,0,0,v001,agent:DataEngineer
2026-07-25,6,08:00,voice,Meridian,0,0,0,0,0,0,0,0,v001,agent:DataEngineer
2026-07-25,6,08:30,voice,Meridian,0,0,0,0,0,0,0,0,v001,agent:DataEngineer
2026-07-25,6,09:00,voice,Meridian,0,0,0,0,0,0,0,0,v001,agent:DataEngineer
2026-07-25,6,09:30,voice,Meridian,1,1,1,0,12,100,2070,2070,v001,agent:DataEngineer
2026-07-25,6,10:00,voice,Meridian,1,1,1,0,10,100,2131,2131,v001,agent:DataEngineer
2026-07-25,6,10:30,voice,Meridian,1,1,1,0,11,100,2034,2034,v001,agent:DataEngineer
2026-07-25,6,11:00,voice,Meridian,1,1,1,0,13,100,1867,1867,v001,agent:DataEngineer
2026-07-25,6,11:30,voice,Meridian,1,1,1,0,11,100,1973,1973,v001,agent:DataEngineer
2026-07-25,6,12:00,voice,Meridian,0,0,0,0,0,0,0,0,v001,agent:DataEngineer
2026-07-25,6,12:30,voice,Meridian,1,1,1,0,11,100,2279,2279,v001,agent:DataEngineer
2026-07-25,6,13:00,voice,Meridian,0,0,0,0,0,0,0,0,v001,agent:DataEngineer
2026-07-25,6,13:30,voice,Meridian,0,0,0,0,0,0,0,0,v001,agent:DataEngineer
2026-07-25,6,14:00,voice,Meridian,1,1,1,0,13,100,2008,2008,v001,agent:DataEngineer
2026-07-25,6,14:30,voice,Meridian,1,1,1,0,11,100,2031,2031,v001,agent:DataEngineer
2026-07-25,6,15:00,voice,Meridian,0,0,0,0,0,0,0,0,v001,agent:DataEngineer
2026-07-25,6,15:30,voice,Meridian,1,1,1,0,12,100,2099,2099,v001,agent:DataEngineer
2026-07-25,6,16:00,voice,Meridian,0,0,0,0,0,0,0,0,v001,agent:DataEngineer
2026-07-25,6,16:30,voice,Meridian,1,1,1,0,12,100,1992,1992,v001,agent:DataEngineer
2026-07-25,6,17:00,voice,Meridian,0,0,0,0,0,0,0,0,v001,agent:DataEngineer
2026-07-25,6,17:30,voice,Meridian,0,0,0,0,0,0,0,0,v001,agent:DataEngineer
2026-07-25,6,18:00,voice,Meridian,0,0,0,0,0,0,0,0,v001,agent:DataEngineer
2026-07-25,6,18:30,voice,Meridian,0,0,0,0,0,0,0,0,v001,agent:DataEngineer
2026-07-25,6,19:00,voice,Meridian,0,0,0,0,0,0,0,0,v001,agent:DataEngineer
2026-07-25,6,19:30,voice,Meridian,0,0,0,0,0,0,0,0,v001,agent:DataEngineer
2026-07-25,6,20:00,voice,Meridian,0,0,0,0,0,0,0,0,v001,agent:DataEngineer
2026-07-25,6,20:30,voice,Meridian,0,0,0,0,0,0,0,0,v001,agent:DataEngineer
2026-07-25,6,21:00,voice,Meridian,0,0,0,0,0,0,0,0,v001,agent:DataEngineer
2026-07-25,6,21:30,voice,Meridian,0,0,0,0,0,0,0,0,v001,agent:DataEngineer
2026-07-25,6,22:00,voice,Meridian,0,0,0,0,0,0,0,0,v001,agent:DataEngineer
2026-07-25,6,22:30,voice,Meridian,0,0,0,0,0,0,0,0,v001,agent:DataEngineer
2026-07-25,6,23:00,voice,Meridian,0,0,0,0,0,0,0,0,v001,agent:DataEngineer
2026-07-25,6,23:30,voice,Meridian,0,0,0,0,0,0,0,0,v001,agent:DataEngineer
2026-07-25,6,00:00,chat,Meridian,0,0,0,0,0,0,0,0,v001,agent:DataEngineer
2026-07-25,6,00:30,chat,Meridian,0,0,0,0,0,0,0,0,v001,agent:DataEngineer
2026-07-25,6,01:00,chat,Meridian,0,0,0,0,0,0,0,0,v001,agent:DataEngineer
2026-07-25,6,01:30,chat,Meridian,0,0,0,0,0,0,0,0,v001,agent:DataEngineer
2026-07-25,6,02:00,chat,Meridian,0,0,0,0,0,0,0,0,v001,agent:DataEngineer
2026-07-25,6,02:30,chat,Meridian,0,0,0,0,0,0,0,0,v001,agent:DataEngineer
2026-07-25,6,03:00,chat,Meridian,0,0,0,0,0,0,0,0,v001,agent:DataEngineer
2026-07-25,6,03:30,chat,Meridian,0,0,0,0,0,0,0,0,v001,agent:DataEngineer
2026-07-25,6,04:00,chat,Meridian,0,0,0,0,0,0,0,0,v001,agent:DataEngineer
2026-07-25,6,04:30,chat,Meridian,0,0,0,0,0,0,0,0,v001,agent:DataEngineer
2026-07-25,6,05:00,chat,Meridian,0,0,0,0,0,0,0,0,v001,agent:DataEngineer
2026-07-25,6,05:30,chat,Meridian,0,0,0,0,0,0,0,0,v001,agent:DataEngineer
2026-07-25,6,06:00,chat,Meridian,0,0,0,0,0,0,0,0,v001,agent:DataEngineer
2026-07-25,6,06:30,chat,Meridian,0,0,0,0,0,0,0,0,v001,agent:DataEngineer
2026-07-25,6,07:00,chat,Meridian,0,0,0,0,0,0,0,0,v001,agent:DataEngineer
2026-07-25,6,07:30,chat,Meridian,1,1,1,0,44,100,1153,577,v001,agent:DataEngineer
2026-07-25,6,08:00,chat,Meridian,1,1,1,0,38,100,1226,613,v001,agent:DataEngineer
2026-07-25,6,08:30,chat,Meridian,1,1,1,0,45,100,1129,564,v001,agent:DataEngineer
2026-07-25,6,09:00,chat,Meridian,1,1,1,0,48,100,1051,526,v001,agent:DataEngineer
2026-07-25,6,09:30,chat,Meridian,1,1,1,0,49,100,1167,583,v001,agent:DataEngineer
2026-07-25,6,10:00,chat,Meridian,1,1,1,0,43,100,1192,596,v001,agent:DataEngineer
2026-07-25,6,10:30,chat,Meridian,1,1,1,0,47,100,1014,507,v001,agent:DataEngineer
2026-07-25,6,11:00,chat,Meridian,1,1,1,0,44,100,1151,576,v001,agent:DataEngineer
2026-07-25,6,11:30,chat,Meridian,1,1,1,0,48,100,1193,597,v001,agent:DataEngineer
2026-07-25,6,12:00,chat,Meridian,1,1,1,0,40,100,1143,572,v001,agent:DataEngineer
2026-07-25,6,12:30,chat,Meridian,1,0,0,1,1443,0,1154,577,v001,agent:DataEngineer
2026-07-25,6,13:00,chat,Meridian,1,1,1,0,46,100,1080,540,v001,agent:DataEngineer
2026-07-25,6,13:30,chat,Meridian,1,1,1,0,43,100,1140,570,v001,agent:DataEngineer
2026-07-25,6,14:00,chat,Meridian,1,1,1,0,42,100,1237,619,v001,agent:DataEngineer
2026-07-25,6,14:30,chat,Meridian,1,1,1,0,45,100,1090,545,v001,agent:DataEngineer
2026-07-25,6,15:00,chat,Meridian,1,1,1,0,45,100,1165,583,v001,agent:DataEngineer
2026-07-25,6,15:30,chat,Meridian,1,1,1,0,46,100,1092,546,v001,agent:DataEngineer
2026-07-25,6,16:00,chat,Meridian,1,1,1,0,54,100,1065,533,v001,agent:DataEngineer
2026-07-25,6,16:30,chat,Meridian,1,1,1,0,41,100,1135,568,v001,agent:DataEngineer
2026-07-25,6,17:00,chat,Meridian,1,1,1,0,39,100,993,496,v001,agent:DataEngineer
2026-07-25,6,17:30,chat,Meridian,1,1,1,0,45,100,1083,541,v001,agent:DataEngineer
2026-07-25,6,18:00,chat,Meridian,1,1,1,0,40,100,963,481,v001,agent:DataEngineer
2026-07-25,6,18:30,chat,Meridian,0,0,0,0,0,0,0,0,v001,agent:DataEngineer
2026-07-25,6,19:00,chat,Meridian,0,0,0,0,0,0,0,0,v001,agent:DataEngineer
2026-07-25,6,19:30,chat,Meridian,0,0,0,0,0,0,0,0,v001,agent:DataEngineer
2026-07-25,6,20:00,chat,Meridian,0,0,0,0,0,0,0,0,v001,agent:DataEngineer
2026-07-25,6,20:30,chat,Meridian,0,0,0,0,0,0,0,0,v001,agent:DataEngineer
2026-07-25,6,21:00,chat,Meridian,0,0,0,0,0,0,0,0,v001,agent:DataEngineer
2026-07-25,6,21:30,chat,Meridian,0,0,0,0,0,0,0,0,v001,agent:DataEngineer
2026-07-25,6,22:00,chat,Meridian,0,0,0,0,0,0,0,0,v001,agent:DataEngineer
2026-07-25,6,22:30,chat,Meridian,0,0,0,0,0,0,0,0,v001,agent:DataEngineer
2026-07-25,6,23:00,chat,Meridian,0,0,0,0,0,0,0,0,v001,agent:DataEngineer
2026-07-25,6,23:30,chat,Meridian,0,0,0,0,0,0,0,0,v001,agent:DataEngineer
2026-07-26,7,00:00,voice,Meridian,0,0,0,0,0,0,0,0,v001,agent:DataEngineer
2026-07-26,7,00:30,voice,Meridian,0,0,0,0,0,0,0,0,v001,agent:DataEngineer
2026-07-26,7,01:00,voice,Meridian,0,0,0,0,0,0,0,0,v001,agent:DataEngineer
2026-07-26,7,01:30,voice,Meridian,0,0,0,0,0,0,0,0,v001,agent:DataEngineer
2026-07-26,7,02:00,voice,Meridian,0,0,0,0,0,0,0,0,v001,agent:DataEngineer
2026-07-26,7,02:30,voice,Meridian,0,0,0,0,0,0,0,0,v001,agent:DataEngineer
2026-07-26,7,03:00,voice,Meridian,0,0,0,0,0,0,0,0,v001,agent:DataEngineer
2026-07-26,7,03:30,voice,Meridian,0,0,0,0,0,0,0,0,v001,agent:DataEngineer
2026-07-26,7,04:00,voice,Meridian,0,0,0,0,0,0,0,0,v001,agent:DataEngineer
2026-07-26,7,04:30,voice,Meridian,0,0,0,0,0,0,0,0,v001,agent:DataEngineer
2026-07-26,7,05:00,voice,Meridian,0,0,0,0,0,0,0,0,v001,agent:DataEngineer
2026-07-26,7,05:30,voice,Meridian,0,0,0,0,0,0,0,0,v001,agent:DataEngineer
2026-07-26,7,06:00,voice,Meridian,0,0,0,0,0,0,0,0,v001,agent:DataEngineer
2026-07-26,7,06:30,voice,Meridian,0,0,0,0,0,0,0,0,v001,agent:DataEngineer
2026-07-26,7,07:00,voice,Meridian,0,0,0,0,0,0,0,0,v001,agent:DataEngineer
2026-07-26,7,07:30,voice,Meridian,0,0,0,0,0,0,0,0,v001,agent:DataEngineer
2026-07-26,7,08:00,voice,Meridian,0,0,0,0,0,0,0,0,v001,agent:DataEngineer
2026-07-26,7,08:30,voice,Meridian,0,0,0,0,0,0,0,0,v001,agent:DataEngineer
2026-07-26,7,09:00,voice,Meridian,1,1,1,0,12,100,1951,1951,v001,agent:DataEngineer
2026-07-26,7,09:30,voice,Meridian,1,1,1,0,11,100,2151,2151,v001,agent:DataEngineer
2026-07-26,7,10:00,voice,Meridian,1,1,1,0,13,100,1956,1956,v001,agent:DataEngineer
2026-07-26,7,10:30,voice,Meridian,1,1,1,0,10,100,2015,2015,v001,agent:DataEngineer
2026-07-26,7,11:00,voice,Meridian,1,1,1,0,12,100,1959,1959,v001,agent:DataEngineer
2026-07-26,7,11:30,voice,Meridian,1,1,1,0,12,100,2239,2239,v001,agent:DataEngineer
2026-07-26,7,12:00,voice,Meridian,1,1,1,0,14,100,2168,2168,v001,agent:DataEngineer
2026-07-26,7,12:30,voice,Meridian,1,1,1,0,13,100,2056,2056,v001,agent:DataEngineer
2026-07-26,7,13:00,voice,Meridian,0,0,0,0,0,0,0,0,v001,agent:DataEngineer
2026-07-26,7,13:30,voice,Meridian,1,1,1,0,11,100,1955,1955,v001,agent:DataEngineer
2026-07-26,7,14:00,voice,Meridian,1,1,1,0,14,100,1897,1897,v001,agent:DataEngineer
2026-07-26,7,14:30,voice,Meridian,1,1,1,0,12,100,2224,2224,v001,agent:DataEngineer
2026-07-26,7,15:00,voice,Meridian,1,1,1,0,11,100,2001,2001,v001,agent:DataEngineer
2026-07-26,7,15:30,voice,Meridian,1,1,1,0,12,100,1828,1828,v001,agent:DataEngineer
2026-07-26,7,16:00,voice,Meridian,0,0,0,0,0,0,0,0,v001,agent:DataEngineer
2026-07-26,7,16:30,voice,Meridian,0,0,0,0,0,0,0,0,v001,agent:DataEngineer
2026-07-26,7,17:00,voice,Meridian,0,0,0,0,0,0,0,0,v001,agent:DataEngineer
2026-07-26,7,17:30,voice,Meridian,0,0,0,0,0,0,0,0,v001,agent:DataEngineer
2026-07-26,7,18:00,voice,Meridian,0,0,0,0,0,0,0,0,v001,agent:DataEngineer
2026-07-26,7,18:30,voice,Meridian,0,0,0,0,0,0,0,0,v001,agent:DataEngineer
2026-07-26,7,19:00,voice,Meridian,0,0,0,0,0,0,0,0,v001,agent:DataEngineer
2026-07-26,7,19:30,voice,Meridian,0,0,0,0,0,0,0,0,v001,agent:DataEngineer
2026-07-26,7,20:00,voice,Meridian,0,0,0,0,0,0,0,0,v001,agent:DataEngineer
2026-07-26,7,20:30,voice,Meridian,0,0,0,0,0,0,0,0,v001,agent:DataEngineer
2026-07-26,7,21:00,voice,Meridian,0,0,0,0,0,0,0,0,v001,agent:DataEngineer
2026-07-26,7,21:30,voice,Meridian,0,0,0,0,0,0,0,0,v001,agent:DataEngineer
2026-07-26,7,22:00,voice,Meridian,0,0,0,0,0,0,0,0,v001,agent:DataEngineer
2026-07-26,7,22:30,voice,Meridian,0,0,0,0,0,0,0,0,v001,agent:DataEngineer
2026-07-26,7,23:00,voice,Meridian,0,0,0,0,0,0,0,0,v001,agent:DataEngineer
2026-07-26,7,23:30,voice,Meridian,0,0,0,0,0,0,0,0,v001,agent:DataEngineer
2026-07-26,7,00:00,chat,Meridian,0,0,0,0,0,0,0,0,v001,agent:DataEngineer
2026-07-26,7,00:30,chat,Meridian,0,0,0,0,0,0,0,0,v001,agent:DataEngineer
2026-07-26,7,01:00,chat,Meridian,0,0,0,0,0,0,0,0,v001,agent:DataEngineer
2026-07-26,7,01:30,chat,Meridian,0,0,0,0,0,0,0,0,v001,agent:DataEngineer
2026-07-26,7,02:00,chat,Meridian,0,0,0,0,0,0,0,0,v001,agent:DataEngineer
2026-07-26,7,02:30,chat,Meridian,0,0,0,0,0,0,0,0,v001,agent:DataEngineer
2026-07-26,7,03:00,chat,Meridian,0,0,0,0,0,0,0,0,v001,agent:DataEngineer
2026-07-26,7,03:30,chat,Meridian,0,0,0,0,0,0,0,0,v001,agent:DataEngineer
2026-07-26,7,04:00,chat,Meridian,0,0,0,0,0,0,0,0,v001,agent:DataEngineer
2026-07-26,7,04:30,chat,Meridian,0,0,0,0,0,0,0,0,v001,agent:DataEngineer
2026-07-26,7,05:00,chat,Meridian,0,0,0,0,0,0,0,0,v001,agent:DataEngineer
2026-07-26,7,05:30,chat,Meridian,0,0,0,0,0,0,0,0,v001,agent:DataEngineer
2026-07-26,7,06:00,chat,Meridian,0,0,0,0,0,0,0,0,v001,agent:DataEngineer
2026-07-26,7,06:30,chat,Meridian,0,0,0,0,0,0,0,0,v001,agent:DataEngineer
2026-07-26,7,07:00,chat,Meridian,0,0,0,0,0,0,0,0,v001,agent:DataEngineer
2026-07-26,7,07:30,chat,Meridian,1,1,1,0,44,100,1132,566,v001,agent:DataEngineer
2026-07-26,7,08:00,chat,Meridian,1,1,1,0,48,100,1147,573,v001,agent:DataEngineer
2026-07-26,7,08:30,chat,Meridian,1,1,1,0,48,100,987,493,v001,agent:DataEngineer
2026-07-26,7,09:00,chat,Meridian,1,1,1,0,40,100,1034,517,v001,agent:DataEngineer
2026-07-26,7,09:30,chat,Meridian,1,1,1,0,46,100,1023,512,v001,agent:DataEngineer
2026-07-26,7,10:00,chat,Meridian,1,1,1,0,41,100,1040,520,v001,agent:DataEngineer
2026-07-26,7,10:30,chat,Meridian,2,2,1,0,444,50,930,465,v001,agent:DataEngineer
2026-07-26,7,11:00,chat,Meridian,1,1,1,0,43,100,938,469,v001,agent:DataEngineer
2026-07-26,7,11:30,chat,Meridian,2,2,2,0,55,100,1066,533,v001,agent:DataEngineer
2026-07-26,7,12:00,chat,Meridian,2,1,1,1,383,50,900,450,v001,agent:DataEngineer
2026-07-26,7,12:30,chat,Meridian,2,2,2,0,44,100,986,493,v001,agent:DataEngineer
2026-07-26,7,13:00,chat,Meridian,1,1,1,0,47,100,992,496,v001,agent:DataEngineer
2026-07-26,7,13:30,chat,Meridian,1,1,1,0,45,100,986,493,v001,agent:DataEngineer
2026-07-26,7,14:00,chat,Meridian,1,1,1,0,48,100,1047,523,v001,agent:DataEngineer
2026-07-26,7,14:30,chat,Meridian,1,1,1,0,47,100,935,468,v001,agent:DataEngineer
2026-07-26,7,15:00,chat,Meridian,1,1,1,0,39,100,966,483,v001,agent:DataEngineer
2026-07-26,7,15:30,chat,Meridian,1,1,1,0,40,100,992,496,v001,agent:DataEngineer
2026-07-26,7,16:00,chat,Meridian,1,1,1,0,47,100,984,492,v001,agent:DataEngineer
2026-07-26,7,16:30,chat,Meridian,1,1,1,0,48,100,972,486,v001,agent:DataEngineer
2026-07-26,7,17:00,chat,Meridian,1,1,1,0,45,100,1083,541,v001,agent:DataEngineer
2026-07-26,7,17:30,chat,Meridian,1,1,1,0,41,100,1032,516,v001,agent:DataEngineer
2026-07-26,7,18:00,chat,Meridian,1,1,1,0,48,100,1113,557,v001,agent:DataEngineer
2026-07-26,7,18:30,chat,Meridian,1,1,1,0,52,100,1060,530,v001,agent:DataEngineer
2026-07-26,7,19:00,chat,Meridian,0,0,0,0,0,0,0,0,v001,agent:DataEngineer
2026-07-26,7,19:30,chat,Meridian,0,0,0,0,0,0,0,0,v001,agent:DataEngineer
2026-07-26,7,20:00,chat,Meridian,0,0,0,0,0,0,0,0,v001,agent:DataEngineer
2026-07-26,7,20:30,chat,Meridian,0,0,0,0,0,0,0,0,v001,agent:DataEngineer
2026-07-26,7,21:00,chat,Meridian,0,0,0,0,0,0,0,0,v001,agent:DataEngineer
2026-07-26,7,21:30,chat,Meridian,0,0,0,0,0,0,0,0,v001,agent:DataEngineer
2026-07-26,7,22:00,chat,Meridian,0,0,0,0,0,0,0,0,v001,agent:DataEngineer
2026-07-26,7,22:30,chat,Meridian,0,0,0,0,0,0,0,0,v001,agent:DataEngineer
2026-07-26,7,23:00,chat,Meridian,0,0,0,0,0,0,0,0,v001,agent:DataEngineer
2026-07-26,7,23:30,chat,Meridian,0,0,0,0,0,0,0,0,v001,agent:DataEngineer
2026-07-27,8,00:00,voice,Meridian,0,0,0,0,0,0,0,0,v001,agent:DataEngineer
2026-07-27,8,00:30,voice,Meridian,0,0,0,0,0,0,0,0,v001,agent:DataEngineer
2026-07-27,8,01:00,voice,Meridian,0,0,0,0,0,0,0,0,v001,agent:DataEngineer
2026-07-27,8,01:30,voice,Meridian,0,0,0,0,0,0,0,0,v001,agent:DataEngineer
2026-07-27,8,02:00,voice,Meridian,0,0,0,0,0,0,0,0,v001,agent:DataEngineer
2026-07-27,8,02:30,voice,Meridian,0,0,0,0,0,0,0,0,v001,agent:DataEngineer
2026-07-27,8,03:00,voice,Meridian,0,0,0,0,0,0,0,0,v001,agent:DataEngineer
2026-07-27,8,03:30,voice,Meridian,0,0,0,0,0,0,0,0,v001,agent:DataEngineer
2026-07-27,8,04:00,voice,Meridian,0,0,0,0,0,0,0,0,v001,agent:DataEngineer
2026-07-27,8,04:30,voice,Meridian,0,0,0,0,0,0,0,0,v001,agent:DataEngineer
2026-07-27,8,05:00,voice,Meridian,0,0,0,0,0,0,0,0,v001,agent:DataEngineer
2026-07-27,8,05:30,voice,Meridian,0,0,0,0,0,0,0,0,v001,agent:DataEngineer
2026-07-27,8,06:00,voice,Meridian,0,0,0,0,0,0,0,0,v001,agent:DataEngineer
2026-07-27,8,06:30,voice,Meridian,0,0,0,0,0,0,0,0,v001,agent:DataEngineer
2026-07-27,8,07:00,voice,Meridian,0,0,0,0,0,0,0,0,v001,agent:DataEngineer
2026-07-27,8,07:30,voice,Meridian,1,1,1,0,14,100,2243,2243,v001,agent:DataEngineer
2026-07-27,8,08:00,voice,Meridian,1,1,1,0,11,100,2255,2255,v001,agent:DataEngineer
2026-07-27,8,08:30,voice,Meridian,1,1,1,0,12,100,2168,2168,v001,agent:DataEngineer
2026-07-27,8,09:00,voice,Meridian,1,1,1,0,13,100,1878,1878,v001,agent:DataEngineer
2026-07-27,8,09:30,voice,Meridian,2,2,2,0,13,100,1989,1989,v001,agent:DataEngineer
2026-07-27,8,10:00,voice,Meridian,1,1,1,0,11,100,1836,1836,v001,agent:DataEngineer
2026-07-27,8,10:30,voice,Meridian,2,2,2,0,12,100,1936,1936,v001,agent:DataEngineer
2026-07-27,8,11:00,voice,Meridian,2,2,2,0,11,100,2110,2110,v001,agent:DataEngineer
2026-07-27,8,11:30,voice,Meridian,2,2,2,0,12,100,2090,2090,v001,agent:DataEngineer
2026-07-27,8,12:00,voice,Meridian,1,1,1,0,13,100,2015,2015,v001,agent:DataEngineer
2026-07-27,8,12:30,voice,Meridian,2,2,2,0,14,100,1971,1971,v001,agent:DataEngineer
2026-07-27,8,13:00,voice,Meridian,1,1,1,0,10,100,2094,2094,v001,agent:DataEngineer
2026-07-27,8,13:30,voice,Meridian,2,2,2,0,14,100,1942,1942,v001,agent:DataEngineer
2026-07-27,8,14:00,voice,Meridian,2,2,2,0,13,100,1983,1983,v001,agent:DataEngineer
2026-07-27,8,14:30,voice,Meridian,1,1,1,0,12,100,1944,1944,v001,agent:DataEngineer
2026-07-27,8,15:00,voice,Meridian,2,2,2,0,11,100,1862,1862,v001,agent:DataEngineer
2026-07-27,8,15:30,voice,Meridian,2,1,1,1,198,50,2228,2228,v001,agent:DataEngineer
2026-07-27,8,16:00,voice,Meridian,1,1,1,0,10,100,2135,2135,v001,agent:DataEngineer
2026-07-27,8,16:30,voice,Meridian,1,1,1,0,12,100,2011,2011,v001,agent:DataEngineer
2026-07-27,8,17:00,voice,Meridian,1,1,1,0,10,100,2037,2037,v001,agent:DataEngineer
2026-07-27,8,17:30,voice,Meridian,1,1,1,0,11,100,1898,1898,v001,agent:DataEngineer
2026-07-27,8,18:00,voice,Meridian,1,1,1,0,11,100,2098,2098,v001,agent:DataEngineer
2026-07-27,8,18:30,voice,Meridian,0,0,0,0,0,0,0,0,v001,agent:DataEngineer
2026-07-27,8,19:00,voice,Meridian,0,0,0,0,0,0,0,0,v001,agent:DataEngineer
2026-07-27,8,19:30,voice,Meridian,0,0,0,0,0,0,0,0,v001,agent:DataEngineer
2026-07-27,8,20:00,voice,Meridian,0,0,0,0,0,0,0,0,v001,agent:DataEngineer
2026-07-27,8,20:30,voice,Meridian,0,0,0,0,0,0,0,0,v001,agent:DataEngineer
2026-07-27,8,21:00,voice,Meridian,0,0,0,0,0,0,0,0,v001,agent:DataEngineer
2026-07-27,8,21:30,voice,Meridian,0,0,0,0,0,0,0,0,v001,agent:DataEngineer
2026-07-27,8,22:00,voice,Meridian,0,0,0,0,0,0,0,0,v001,agent:DataEngineer
2026-07-27,8,22:30,voice,Meridian,0,0,0,0,0,0,0,0,v001,agent:DataEngineer
2026-07-27,8,23:00,voice,Meridian,0,0,0,0,0,0,0,0,v001,agent:DataEngineer
2026-07-27,8,23:30,voice,Meridian,0,0,0,0,0,0,0,0,v001,agent:DataEngineer
2026-07-27,8,00:00,chat,Meridian,0,0,0,0,0,0,0,0,v001,agent:DataEngineer
2026-07-27,8,00:30,chat,Meridian,0,0,0,0,0,0,0,0,v001,agent:DataEngineer
2026-07-27,8,01:00,chat,Meridian,0,0,0,0,0,0,0,0,v001,agent:DataEngineer
2026-07-27,8,01:30,chat,Meridian,1,1,1,0,43,100,1006,503,v001,agent:DataEngineer
2026-07-27,8,02:00,chat,Meridian,0,0,0,0,0,0,0,0,v001,agent:DataEngineer
2026-07-27,8,02:30,chat,Meridian,0,0,0,0,0,0,0,0,v001,agent:DataEngineer
2026-07-27,8,03:00,chat,Meridian,0,0,0,0,0,0,0,0,v001,agent:DataEngineer
2026-07-27,8,03:30,chat,Meridian,0,0,0,0,0,0,0,0,v001,agent:DataEngineer
2026-07-27,8,04:00,chat,Meridian,0,0,0,0,0,0,0,0,v001,agent:DataEngineer
2026-07-27,8,04:30,chat,Meridian,1,1,1,0,43,100,1119,560,v001,agent:DataEngineer
2026-07-27,8,05:00,chat,Meridian,0,0,0,0,0,0,0,0,v001,agent:DataEngineer
2026-07-27,8,05:30,chat,Meridian,0,0,0,0,0,0,0,0,v001,agent:DataEngineer
2026-07-27,8,06:00,chat,Meridian,0,0,0,0,0,0,0,0,v001,agent:DataEngineer
2026-07-27,8,06:30,chat,Meridian,1,1,1,0,45,100,1074,537,v001,agent:DataEngineer
2026-07-27,8,07:00,chat,Meridian,1,1,1,0,37,100,1162,581,v001,agent:DataEngineer
2026-07-27,8,07:30,chat,Meridian,1,1,1,0,49,100,1064,532,v001,agent:DataEngineer
2026-07-27,8,08:00,chat,Meridian,1,1,1,0,42,100,1046,523,v001,agent:DataEngineer
2026-07-27,8,08:30,chat,Meridian,2,2,2,0,48,100,1164,582,v001,agent:DataEngineer
2026-07-27,8,09:00,chat,Meridian,2,2,1,0,401,50,1127,564,v001,agent:DataEngineer
2026-07-27,8,09:30,chat,Meridian,2,2,2,0,48,100,1011,505,v001,agent:DataEngineer
2026-07-27,8,10:00,chat,Meridian,4,4,3,0,129,75,1076,538,v001,agent:DataEngineer
2026-07-27,8,10:30,chat,Meridian,3,3,3,0,46,100,1143,572,v001,agent:DataEngineer
2026-07-27,8,11:00,chat,Meridian,4,3,3,1,131,75,1055,528,v001,agent:DataEngineer
2026-07-27,8,11:30,chat,Meridian,4,3,3,1,135,75,1202,601,v001,agent:DataEngineer
2026-07-27,8,12:00,chat,Meridian,3,3,3,0,52,100,1140,570,v001,agent:DataEngineer
2026-07-27,8,12:30,chat,Meridian,3,3,3,0,46,100,1136,568,v001,agent:DataEngineer
2026-07-27,8,13:00,chat,Meridian,2,2,2,0,50,100,1038,519,v001,agent:DataEngineer
2026-07-27,8,13:30,chat,Meridian,3,3,3,0,43,100,1124,562,v001,agent:DataEngineer
2026-07-27,8,14:00,chat,Meridian,3,3,3,0,39,100,1084,542,v001,agent:DataEngineer
2026-07-27,8,14:30,chat,Meridian,3,3,3,0,38,100,954,477,v001,agent:DataEngineer
2026-07-27,8,15:00,chat,Meridian,3,3,3,0,39,100,967,483,v001,agent:DataEngineer
2026-07-27,8,15:30,chat,Meridian,3,3,3,0,39,100,1060,530,v001,agent:DataEngineer
2026-07-27,8,16:00,chat,Meridian,3,3,3,0,45,100,1183,591,v001,agent:DataEngineer
2026-07-27,8,16:30,chat,Meridian,3,3,3,0,49,100,1011,505,v001,agent:DataEngineer
2026-07-27,8,17:00,chat,Meridian,1,1,1,0,44,100,987,493,v001,agent:DataEngineer
2026-07-27,8,17:30,chat,Meridian,1,1,1,0,40,100,1263,632,v001,agent:DataEngineer
2026-07-27,8,18:00,chat,Meridian,1,1,1,0,46,100,1025,512,v001,agent:DataEngineer
2026-07-27,8,18:30,chat,Meridian,1,1,1,0,48,100,1073,537,v001,agent:DataEngineer
2026-07-27,8,19:00,chat,Meridian,1,1,1,0,37,100,1153,577,v001,agent:DataEngineer
2026-07-27,8,19:30,chat,Meridian,0,0,0,0,0,0,0,0,v001,agent:DataEngineer
2026-07-27,8,20:00,chat,Meridian,1,1,1,0,47,100,1150,575,v001,agent:DataEngineer
2026-07-27,8,20:30,chat,Meridian,1,1,1,0,48,100,1078,539,v001,agent:DataEngineer
2026-07-27,8,21:00,chat,Meridian,0,0,0,0,0,0,0,0,v001,agent:DataEngineer
2026-07-27,8,21:30,chat,Meridian,0,0,0,0,0,0,0,0,v001,agent:DataEngineer
2026-07-27,8,22:00,chat,Meridian,1,1,1,0,53,100,1175,588,v001,agent:DataEngineer
2026-07-27,8,22:30,chat,Meridian,1,1,1,0,45,100,1100,550,v001,agent:DataEngineer
2026-07-27,8,23:00,chat,Meridian,1,1,1,0,44,100,1198,599,v001,agent:DataEngineer
2026-07-27,8,23:30,chat,Meridian,0,0,0,0,0,0,0,0,v001,agent:DataEngineer
2026-07-28,9,00:00,voice,Meridian,0,0,0,0,0,0,0,0,v001,agent:DataEngineer
2026-07-28,9,00:30,voice,Meridian,0,0,0,0,0,0,0,0,v001,agent:DataEngineer
2026-07-28,9,01:00,voice,Meridian,0,0,0,0,0,0,0,0,v001,agent:DataEngineer
2026-07-28,9,01:30,voice,Meridian,0,0,0,0,0,0,0,0,v001,agent:DataEngineer
2026-07-28,9,02:00,voice,Meridian,0,0,0,0,0,0,0,0,v001,agent:DataEngineer
2026-07-28,9,02:30,voice,Meridian,0,0,0,0,0,0,0,0,v001,agent:DataEngineer
2026-07-28,9,03:00,voice,Meridian,0,0,0,0,0,0,0,0,v001,agent:DataEngineer
2026-07-28,9,03:30,voice,Meridian,0,0,0,0,0,0,0,0,v001,agent:DataEngineer
2026-07-28,9,04:00,voice,Meridian,0,0,0,0,0,0,0,0,v001,agent:DataEngineer
2026-07-28,9,04:30,voice,Meridian,0,0,0,0,0,0,0,0,v001,agent:DataEngineer
2026-07-28,9,05:00,voice,Meridian,0,0,0,0,0,0,0,0,v001,agent:DataEngineer
2026-07-28,9,05:30,voice,Meridian,0,0,0,0,0,0,0,0,v001,agent:DataEngineer
2026-07-28,9,06:00,voice,Meridian,0,0,0,0,0,0,0,0,v001,agent:DataEngineer
2026-07-28,9,06:30,voice,Meridian,0,0,0,0,0,0,0,0,v001,agent:DataEngineer
2026-07-28,9,07:00,voice,Meridian,0,0,0,0,0,0,0,0,v001,agent:DataEngineer
2026-07-28,9,07:30,voice,Meridian,0,0,0,0,0,0,0,0,v001,agent:DataEngineer
2026-07-28,9,08:00,voice,Meridian,1,1,1,0,12,100,1814,1814,v001,agent:DataEngineer
2026-07-28,9,08:30,voice,Meridian,1,1,1,0,11,100,1859,1859,v001,agent:DataEngineer
2026-07-28,9,09:00,voice,Meridian,1,1,1,0,12,100,1770,1770,v001,agent:DataEngineer
2026-07-28,9,09:30,voice,Meridian,1,1,1,0,13,100,2030,2030,v001,agent:DataEngineer
2026-07-28,9,10:00,voice,Meridian,2,2,1,0,238,50,2135,2135,v001,agent:DataEngineer
2026-07-28,9,10:30,voice,Meridian,2,2,2,0,12,100,2270,2270,v001,agent:DataEngineer
2026-07-28,9,11:00,voice,Meridian,2,2,2,0,10,100,2094,2094,v001,agent:DataEngineer
2026-07-28,9,11:30,voice,Meridian,2,2,2,0,13,100,1877,1877,v001,agent:DataEngineer
2026-07-28,9,12:00,voice,Meridian,2,1,1,1,261,50,1786,1786,v001,agent:DataEngineer
2026-07-28,9,12:30,voice,Meridian,1,1,1,0,13,100,1824,1824,v001,agent:DataEngineer
2026-07-28,9,13:00,voice,Meridian,1,1,1,0,12,100,1976,1976,v001,agent:DataEngineer
2026-07-28,9,13:30,voice,Meridian,1,1,1,0,12,100,1962,1962,v001,agent:DataEngineer
2026-07-28,9,14:00,voice,Meridian,2,2,2,0,11,100,1947,1947,v001,agent:DataEngineer
2026-07-28,9,14:30,voice,Meridian,2,2,2,0,14,100,1896,1896,v001,agent:DataEngineer
2026-07-28,9,15:00,voice,Meridian,2,2,2,0,13,100,1934,1934,v001,agent:DataEngineer
2026-07-28,9,15:30,voice,Meridian,1,1,1,0,12,100,1967,1967,v001,agent:DataEngineer
2026-07-28,9,16:00,voice,Meridian,1,1,1,0,10,100,2035,2035,v001,agent:DataEngineer
2026-07-28,9,16:30,voice,Meridian,1,1,1,0,12,100,1875,1875,v001,agent:DataEngineer
2026-07-28,9,17:00,voice,Meridian,1,1,1,0,13,100,2093,2093,v001,agent:DataEngineer
2026-07-28,9,17:30,voice,Meridian,1,1,1,0,12,100,2279,2279,v001,agent:DataEngineer
2026-07-28,9,18:00,voice,Meridian,1,1,1,0,10,100,1697,1697,v001,agent:DataEngineer
2026-07-28,9,18:30,voice,Meridian,0,0,0,0,0,0,0,0,v001,agent:DataEngineer
2026-07-28,9,19:00,voice,Meridian,0,0,0,0,0,0,0,0,v001,agent:DataEngineer
2026-07-28,9,19:30,voice,Meridian,0,0,0,0,0,0,0,0,v001,agent:DataEngineer
2026-07-28,9,20:00,voice,Meridian,0,0,0,0,0,0,0,0,v001,agent:DataEngineer
2026-07-28,9,20:30,voice,Meridian,0,0,0,0,0,0,0,0,v001,agent:DataEngineer
2026-07-28,9,21:00,voice,Meridian,0,0,0,0,0,0,0,0,v001,agent:DataEngineer
2026-07-28,9,21:30,voice,Meridian,0,0,0,0,0,0,0,0,v001,agent:DataEngineer
2026-07-28,9,22:00,voice,Meridian,0,0,0,0,0,0,0,0,v001,agent:DataEngineer
2026-07-28,9,22:30,voice,Meridian,0,0,0,0,0,0,0,0,v001,agent:DataEngineer
2026-07-28,9,23:00,voice,Meridian,0,0,0,0,0,0,0,0,v001,agent:DataEngineer
2026-07-28,9,23:30,voice,Meridian,0,0,0,0,0,0,0,0,v001,agent:DataEngineer
2026-07-28,9,00:00,chat,Meridian,0,0,0,0,0,0,0,0,v001,agent:DataEngineer
2026-07-28,9,00:30,chat,Meridian,0,0,0,0,0,0,0,0,v001,agent:DataEngineer
2026-07-28,9,01:00,chat,Meridian,0,0,0,0,0,0,0,0,v001,agent:DataEngineer
2026-07-28,9,01:30,chat,Meridian,0,0,0,0,0,0,0,0,v001,agent:DataEngineer
2026-07-28,9,02:00,chat,Meridian,0,0,0,0,0,0,0,0,v001,agent:DataEngineer
2026-07-28,9,02:30,chat,Meridian,0,0,0,0,0,0,0,0,v001,agent:DataEngineer
2026-07-28,9,03:00,chat,Meridian,0,0,0,0,0,0,0,0,v001,agent:DataEngineer
2026-07-28,9,03:30,chat,Meridian,0,0,0,0,0,0,0,0,v001,agent:DataEngineer
2026-07-28,9,04:00,chat,Meridian,0,0,0,0,0,0,0,0,v001,agent:DataEngineer
2026-07-28,9,04:30,chat,Meridian,0,0,0,0,0,0,0,0,v001,agent:DataEngineer
2026-07-28,9,05:00,chat,Meridian,0,0,0,0,0,0,0,0,v001,agent:DataEngineer
2026-07-28,9,05:30,chat,Meridian,0,0,0,0,0,0,0,0,v001,agent:DataEngineer
2026-07-28,9,06:00,chat,Meridian,0,0,0,0,0,0,0,0,v001,agent:DataEngineer
2026-07-28,9,06:30,chat,Meridian,1,1,1,0,46,100,1034,517,v001,agent:DataEngineer
2026-07-28,9,07:00,chat,Meridian,1,1,1,0,49,100,1094,547,v001,agent:DataEngineer
2026-07-28,9,07:30,chat,Meridian,1,1,1,0,51,100,1165,582,v001,agent:DataEngineer
2026-07-28,9,08:00,chat,Meridian,2,2,2,0,42,100,1078,539,v001,agent:DataEngineer
2026-07-28,9,08:30,chat,Meridian,2,2,2,0,54,100,1056,528,v001,agent:DataEngineer
2026-07-28,9,09:00,chat,Meridian,3,3,3,0,42,100,1101,550,v001,agent:DataEngineer
2026-07-28,9,09:30,chat,Meridian,2,2,2,0,47,100,1074,537,v001,agent:DataEngineer
2026-07-28,9,10:00,chat,Meridian,3,3,3,0,46,100,1072,536,v001,agent:DataEngineer
2026-07-28,9,10:30,chat,Meridian,2,2,2,0,47,100,1112,556,v001,agent:DataEngineer
2026-07-28,9,11:00,chat,Meridian,4,3,3,1,129,75,1128,564,v001,agent:DataEngineer
2026-07-28,9,11:30,chat,Meridian,3,2,2,1,181,66.7,1066,533,v001,agent:DataEngineer
2026-07-28,9,12:00,chat,Meridian,3,3,3,0,47,100,990,495,v001,agent:DataEngineer
2026-07-28,9,12:30,chat,Meridian,3,3,3,0,40,100,1075,538,v001,agent:DataEngineer
2026-07-28,9,13:00,chat,Meridian,4,4,4,0,42,100,1095,548,v001,agent:DataEngineer
2026-07-28,9,13:30,chat,Meridian,3,3,3,0,47,100,1126,563,v001,agent:DataEngineer
2026-07-28,9,14:00,chat,Meridian,3,3,3,0,51,100,1106,553,v001,agent:DataEngineer
2026-07-28,9,14:30,chat,Meridian,3,3,3,0,42,100,1097,548,v001,agent:DataEngineer
2026-07-28,9,15:00,chat,Meridian,3,3,2,0,223,66.7,1004,502,v001,agent:DataEngineer
2026-07-28,9,15:30,chat,Meridian,3,3,3,0,47,100,1102,551,v001,agent:DataEngineer
2026-07-28,9,16:00,chat,Meridian,2,2,2,0,37,100,1044,522,v001,agent:DataEngineer
2026-07-28,9,16:30,chat,Meridian,2,2,2,0,45,100,1171,585,v001,agent:DataEngineer
2026-07-28,9,17:00,chat,Meridian,2,2,2,0,41,100,1015,507,v001,agent:DataEngineer
2026-07-28,9,17:30,chat,Meridian,1,1,1,0,46,100,1172,586,v001,agent:DataEngineer
2026-07-28,9,18:00,chat,Meridian,1,1,1,0,47,100,1088,544,v001,agent:DataEngineer
2026-07-28,9,18:30,chat,Meridian,1,1,1,0,44,100,1010,505,v001,agent:DataEngineer
2026-07-28,9,19:00,chat,Meridian,1,1,1,0,46,100,1043,522,v001,agent:DataEngineer
2026-07-28,9,19:30,chat,Meridian,1,1,1,0,47,100,1108,554,v001,agent:DataEngineer
2026-07-28,9,20:00,chat,Meridian,0,0,0,0,0,0,0,0,v001,agent:DataEngineer
2026-07-28,9,20:30,chat,Meridian,1,1,1,0,51,100,995,498,v001,agent:DataEngineer
2026-07-28,9,21:00,chat,Meridian,0,0,0,0,0,0,0,0,v001,agent:DataEngineer
2026-07-28,9,21:30,chat,Meridian,0,0,0,0,0,0,0,0,v001,agent:DataEngineer
2026-07-28,9,22:00,chat,Meridian,0,0,0,0,0,0,0,0,v001,agent:DataEngineer
2026-07-28,9,22:30,chat,Meridian,0,0,0,0,0,0,0,0,v001,agent:DataEngineer
2026-07-28,9,23:00,chat,Meridian,0,0,0,0,0,0,0,0,v001,agent:DataEngineer
2026-07-28,9,23:30,chat,Meridian,0,0,0,0,0,0,0,0,v001,agent:DataEngineer
2026-07-29,10,00:00,voice,Meridian,0,0,0,0,0,0,0,0,v001,agent:DataEngineer
2026-07-29,10,00:30,voice,Meridian,0,0,0,0,0,0,0,0,v001,agent:DataEngineer
2026-07-29,10,01:00,voice,Meridian,0,0,0,0,0,0,0,0,v001,agent:DataEngineer
2026-07-29,10,01:30,voice,Meridian,0,0,0,0,0,0,0,0,v001,agent:DataEngineer
2026-07-29,10,02:00,voice,Meridian,0,0,0,0,0,0,0,0,v001,agent:DataEngineer
2026-07-29,10,02:30,voice,Meridian,0,0,0,0,0,0,0,0,v001,agent:DataEngineer
2026-07-29,10,03:00,voice,Meridian,0,0,0,0,0,0,0,0,v001,agent:DataEngineer
2026-07-29,10,03:30,voice,Meridian,0,0,0,0,0,0,0,0,v001,agent:DataEngineer
2026-07-29,10,04:00,voice,Meridian,0,0,0,0,0,0,0,0,v001,agent:DataEngineer
2026-07-29,10,04:30,voice,Meridian,0,0,0,0,0,0,0,0,v001,agent:DataEngineer
2026-07-29,10,05:00,voice,Meridian,0,0,0,0,0,0,0,0,v001,agent:DataEngineer
2026-07-29,10,05:30,voice,Meridian,0,0,0,0,0,0,0,0,v001,agent:DataEngineer
2026-07-29,10,06:00,voice,Meridian,0,0,0,0,0,0,0,0,v001,agent:DataEngineer
2026-07-29,10,06:30,voice,Meridian,0,0,0,0,0,0,0,0,v001,agent:DataEngineer
2026-07-29,10,07:00,voice,Meridian,0,0,0,0,0,0,0,0,v001,agent:DataEngineer
2026-07-29,10,07:30,voice,Meridian,1,1,1,0,11,100,1984,1984,v001,agent:DataEngineer
2026-07-29,10,08:00,voice,Meridian,1,1,1,0,13,100,2045,2045,v001,agent:DataEngineer
2026-07-29,10,08:30,voice,Meridian,1,1,1,0,12,100,2093,2093,v001,agent:DataEngineer
2026-07-29,10,09:00,voice,Meridian,1,1,1,0,12,100,2026,2026,v001,agent:DataEngineer
2026-07-29,10,09:30,voice,Meridian,2,2,2,0,11,100,2161,2161,v001,agent:DataEngineer
2026-07-29,10,10:00,voice,Meridian,2,2,2,0,13,100,2195,2195,v001,agent:DataEngineer
2026-07-29,10,10:30,voice,Meridian,2,2,2,0,10,100,1801,1801,v001,agent:DataEngineer
2026-07-29,10,11:00,voice,Meridian,2,2,2,0,13,100,2020,2020,v001,agent:DataEngineer
2026-07-29,10,11:30,voice,Meridian,2,2,2,0,12,100,2356,2356,v001,agent:DataEngineer
2026-07-29,10,12:00,voice,Meridian,2,2,2,0,10,100,1928,1928,v001,agent:DataEngineer
2026-07-29,10,12:30,voice,Meridian,1,1,1,0,15,100,2031,2031,v001,agent:DataEngineer
2026-07-29,10,13:00,voice,Meridian,1,1,1,0,13,100,1998,1998,v001,agent:DataEngineer
2026-07-29,10,13:30,voice,Meridian,1,1,1,0,14,100,2026,2026,v001,agent:DataEngineer
2026-07-29,10,14:00,voice,Meridian,1,1,1,0,12,100,1983,1983,v001,agent:DataEngineer
2026-07-29,10,14:30,voice,Meridian,2,1,1,1,218,50,2180,2180,v001,agent:DataEngineer
2026-07-29,10,15:00,voice,Meridian,2,2,2,0,11,100,2068,2068,v001,agent:DataEngineer
2026-07-29,10,15:30,voice,Meridian,1,1,1,0,13,100,2050,2050,v001,agent:DataEngineer
2026-07-29,10,16:00,voice,Meridian,1,1,1,0,13,100,1939,1939,v001,agent:DataEngineer
2026-07-29,10,16:30,voice,Meridian,1,1,1,0,12,100,2087,2087,v001,agent:DataEngineer
2026-07-29,10,17:00,voice,Meridian,1,1,1,0,12,100,1888,1888,v001,agent:DataEngineer
2026-07-29,10,17:30,voice,Meridian,1,1,1,0,10,100,2064,2064,v001,agent:DataEngineer
2026-07-29,10,18:00,voice,Meridian,1,1,1,0,12,100,2307,2307,v001,agent:DataEngineer
2026-07-29,10,18:30,voice,Meridian,1,1,1,0,13,100,1945,1945,v001,agent:DataEngineer
2026-07-29,10,19:00,voice,Meridian,0,0,0,0,0,0,0,0,v001,agent:DataEngineer
2026-07-29,10,19:30,voice,Meridian,0,0,0,0,0,0,0,0,v001,agent:DataEngineer
2026-07-29,10,20:00,voice,Meridian,0,0,0,0,0,0,0,0,v001,agent:DataEngineer
2026-07-29,10,20:30,voice,Meridian,0,0,0,0,0,0,0,0,v001,agent:DataEngineer
2026-07-29,10,21:00,voice,Meridian,0,0,0,0,0,0,0,0,v001,agent:DataEngineer
2026-07-29,10,21:30,voice,Meridian,0,0,0,0,0,0,0,0,v001,agent:DataEngineer
2026-07-29,10,22:00,voice,Meridian,0,0,0,0,0,0,0,0,v001,agent:DataEngineer
2026-07-29,10,22:30,voice,Meridian,0,0,0,0,0,0,0,0,v001,agent:DataEngineer
2026-07-29,10,23:00,voice,Meridian,0,0,0,0,0,0,0,0,v001,agent:DataEngineer
2026-07-29,10,23:30,voice,Meridian,0,0,0,0,0,0,0,0,v001,agent:DataEngineer
2026-07-29,10,00:00,chat,Meridian,0,0,0,0,0,0,0,0,v001,agent:DataEngineer
2026-07-29,10,00:30,chat,Meridian,0,0,0,0,0,0,0,0,v001,agent:DataEngineer
2026-07-29,10,01:00,chat,Meridian,0,0,0,0,0,0,0,0,v001,agent:DataEngineer
2026-07-29,10,01:30,chat,Meridian,0,0,0,0,0,0,0,0,v001,agent:DataEngineer
2026-07-29,10,02:00,chat,Meridian,0,0,0,0,0,0,0,0,v001,agent:DataEngineer
2026-07-29,10,02:30,chat,Meridian,0,0,0,0,0,0,0,0,v001,agent:DataEngineer
2026-07-29,10,03:00,chat,Meridian,0,0,0,0,0,0,0,0,v001,agent:DataEngineer
2026-07-29,10,03:30,chat,Meridian,1,1,1,0,45,100,1097,548,v001,agent:DataEngineer
2026-07-29,10,04:00,chat,Meridian,0,0,0,0,0,0,0,0,v001,agent:DataEngineer
2026-07-29,10,04:30,chat,Meridian,0,0,0,0,0,0,0,0,v001,agent:DataEngineer
2026-07-29,10,05:00,chat,Meridian,0,0,0,0,0,0,0,0,v001,agent:DataEngineer
2026-07-29,10,05:30,chat,Meridian,1,1,1,0,45,100,1064,532,v001,agent:DataEngineer
2026-07-29,10,06:00,chat,Meridian,0,0,0,0,0,0,0,0,v001,agent:DataEngineer
2026-07-29,10,06:30,chat,Meridian,1,1,1,0,54,100,1144,572,v001,agent:DataEngineer
2026-07-29,10,07:00,chat,Meridian,1,1,1,0,46,100,978,489,v001,agent:DataEngineer
2026-07-29,10,07:30,chat,Meridian,1,1,1,0,47,100,1087,543,v001,agent:DataEngineer
2026-07-29,10,08:00,chat,Meridian,1,1,1,0,37,100,1064,532,v001,agent:DataEngineer
2026-07-29,10,08:30,chat,Meridian,2,2,2,0,47,100,973,486,v001,agent:DataEngineer
2026-07-29,10,09:00,chat,Meridian,3,3,3,0,50,100,989,494,v001,agent:DataEngineer
2026-07-29,10,09:30,chat,Meridian,4,4,4,0,42,100,1083,541,v001,agent:DataEngineer
2026-07-29,10,10:00,chat,Meridian,4,3,3,1,122,75,1013,507,v001,agent:DataEngineer
2026-07-29,10,10:30,chat,Meridian,3,3,3,0,45,100,1004,502,v001,agent:DataEngineer
2026-07-29,10,11:00,chat,Meridian,3,3,3,0,44,100,1138,569,v001,agent:DataEngineer
2026-07-29,10,11:30,chat,Meridian,3,3,3,0,53,100,1007,503,v001,agent:DataEngineer
2026-07-29,10,12:00,chat,Meridian,3,3,3,0,54,100,1164,582,v001,agent:DataEngineer
2026-07-29,10,12:30,chat,Meridian,3,3,3,0,42,100,1063,531,v001,agent:DataEngineer
2026-07-29,10,13:00,chat,Meridian,3,3,3,0,53,100,1027,514,v001,agent:DataEngineer
2026-07-29,10,13:30,chat,Meridian,2,2,2,0,46,100,1115,558,v001,agent:DataEngineer
2026-07-29,10,14:00,chat,Meridian,3,3,3,0,51,100,1046,523,v001,agent:DataEngineer
2026-07-29,10,14:30,chat,Meridian,3,2,2,1,200,66.7,1125,562,v001,agent:DataEngineer
2026-07-29,10,15:00,chat,Meridian,3,3,3,0,50,100,1040,520,v001,agent:DataEngineer
2026-07-29,10,15:30,chat,Meridian,3,3,3,0,40,100,1027,513,v001,agent:DataEngineer
2026-07-29,10,16:00,chat,Meridian,3,3,3,0,43,100,1070,535,v001,agent:DataEngineer
2026-07-29,10,16:30,chat,Meridian,2,2,2,0,44,100,1063,532,v001,agent:DataEngineer
2026-07-29,10,17:00,chat,Meridian,2,2,2,0,52,100,1066,533,v001,agent:DataEngineer
2026-07-29,10,17:30,chat,Meridian,2,2,2,0,39,100,1092,546,v001,agent:DataEngineer
2026-07-29,10,18:00,chat,Meridian,1,1,1,0,39,100,1101,550,v001,agent:DataEngineer
2026-07-29,10,18:30,chat,Meridian,1,1,1,0,40,100,1005,502,v001,agent:DataEngineer
2026-07-29,10,19:00,chat,Meridian,1,1,1,0,42,100,1238,619,v001,agent:DataEngineer
2026-07-29,10,19:30,chat,Meridian,1,1,1,0,36,100,1116,558,v001,agent:DataEngineer
2026-07-29,10,20:00,chat,Meridian,0,0,0,0,0,0,0,0,v001,agent:DataEngineer
2026-07-29,10,20:30,chat,Meridian,1,1,1,0,45,100,1108,554,v001,agent:DataEngineer
2026-07-29,10,21:00,chat,Meridian,0,0,0,0,0,0,0,0,v001,agent:DataEngineer
2026-07-29,10,21:30,chat,Meridian,0,0,0,0,0,0,0,0,v001,agent:DataEngineer
2026-07-29,10,22:00,chat,Meridian,0,0,0,0,0,0,0,0,v001,agent:DataEngineer
2026-07-29,10,22:30,chat,Meridian,0,0,0,0,0,0,0,0,v001,agent:DataEngineer
2026-07-29,10,23:00,chat,Meridian,0,0,0,0,0,0,0,0,v001,agent:DataEngineer
2026-07-29,10,23:30,chat,Meridian,0,0,0,0,0,0,0,0,v001,agent:DataEngineer
2026-07-30,11,00:00,voice,Meridian,0,0,0,0,0,0,0,0,v001,agent:DataEngineer
2026-07-30,11,00:30,voice,Meridian,0,0,0,0,0,0,0,0,v001,agent:DataEngineer
2026-07-30,11,01:00,voice,Meridian,0,0,0,0,0,0,0,0,v001,agent:DataEngineer
2026-07-30,11,01:30,voice,Meridian,0,0,0,0,0,0,0,0,v001,agent:DataEngineer
2026-07-30,11,02:00,voice,Meridian,0,0,0,0,0,0,0,0,v001,agent:DataEngineer
2026-07-30,11,02:30,voice,Meridian,0,0,0,0,0,0,0,0,v001,agent:DataEngineer
2026-07-30,11,03:00,voice,Meridian,0,0,0,0,0,0,0,0,v001,agent:DataEngineer
2026-07-30,11,03:30,voice,Meridian,0,0,0,0,0,0,0,0,v001,agent:DataEngineer
2026-07-30,11,04:00,voice,Meridian,0,0,0,0,0,0,0,0,v001,agent:DataEngineer
2026-07-30,11,04:30,voice,Meridian,0,0,0,0,0,0,0,0,v001,agent:DataEngineer
2026-07-30,11,05:00,voice,Meridian,0,0,0,0,0,0,0,0,v001,agent:DataEngineer
2026-07-30,11,05:30,voice,Meridian,0,0,0,0,0,0,0,0,v001,agent:DataEngineer
2026-07-30,11,06:00,voice,Meridian,0,0,0,0,0,0,0,0,v001,agent:DataEngineer
2026-07-30,11,06:30,voice,Meridian,0,0,0,0,0,0,0,0,v001,agent:DataEngineer
2026-07-30,11,07:00,voice,Meridian,0,0,0,0,0,0,0,0,v001,agent:DataEngineer
2026-07-30,11,07:30,voice,Meridian,0,0,0,0,0,0,0,0,v001,agent:DataEngineer
2026-07-30,11,08:00,voice,Meridian,1,1,1,0,14,100,1960,1960,v001,agent:DataEngineer
2026-07-30,11,08:30,voice,Meridian,1,1,1,0,10,100,2004,2004,v001,agent:DataEngineer
2026-07-30,11,09:00,voice,Meridian,1,1,1,0,11,100,2173,2173,v001,agent:DataEngineer
2026-07-30,11,09:30,voice,Meridian,1,1,1,0,11,100,2157,2157,v001,agent:DataEngineer
2026-07-30,11,10:00,voice,Meridian,2,2,2,0,15,100,2220,2220,v001,agent:DataEngineer
2026-07-30,11,10:30,voice,Meridian,2,2,2,0,10,100,2279,2279,v001,agent:DataEngineer
2026-07-30,11,11:00,voice,Meridian,1,1,1,0,11,100,1932,1932,v001,agent:DataEngineer
2026-07-30,11,11:30,voice,Meridian,2,1,1,1,277,50,2098,2098,v001,agent:DataEngineer
2026-07-30,11,12:00,voice,Meridian,1,1,1,0,9,100,1953,1953,v001,agent:DataEngineer
2026-07-30,11,12:30,voice,Meridian,1,1,1,0,12,100,1989,1989,v001,agent:DataEngineer
2026-07-30,11,13:00,voice,Meridian,1,1,1,0,12,100,2042,2042,v001,agent:DataEngineer
2026-07-30,11,13:30,voice,Meridian,1,1,1,0,12,100,2046,2046,v001,agent:DataEngineer
2026-07-30,11,14:00,voice,Meridian,1,1,1,0,12,100,2000,2000,v001,agent:DataEngineer
2026-07-30,11,14:30,voice,Meridian,1,1,1,0,14,100,1951,1951,v001,agent:DataEngineer
2026-07-30,11,15:00,voice,Meridian,1,1,1,0,11,100,2057,2057,v001,agent:DataEngineer
2026-07-30,11,15:30,voice,Meridian,2,2,2,0,13,100,1980,1980,v001,agent:DataEngineer
2026-07-30,11,16:00,voice,Meridian,1,1,1,0,13,100,2139,2139,v001,agent:DataEngineer
2026-07-30,11,16:30,voice,Meridian,1,1,1,0,13,100,2007,2007,v001,agent:DataEngineer
2026-07-30,11,17:00,voice,Meridian,1,1,1,0,12,100,2130,2130,v001,agent:DataEngineer
2026-07-30,11,17:30,voice,Meridian,1,1,1,0,12,100,2040,2040,v001,agent:DataEngineer
2026-07-30,11,18:00,voice,Meridian,1,1,1,0,13,100,2340,2340,v001,agent:DataEngineer
2026-07-30,11,18:30,voice,Meridian,0,0,0,0,0,0,0,0,v001,agent:DataEngineer
2026-07-30,11,19:00,voice,Meridian,0,0,0,0,0,0,0,0,v001,agent:DataEngineer
2026-07-30,11,19:30,voice,Meridian,0,0,0,0,0,0,0,0,v001,agent:DataEngineer
2026-07-30,11,20:00,voice,Meridian,0,0,0,0,0,0,0,0,v001,agent:DataEngineer
2026-07-30,11,20:30,voice,Meridian,0,0,0,0,0,0,0,0,v001,agent:DataEngineer
2026-07-30,11,21:00,voice,Meridian,0,0,0,0,0,0,0,0,v001,agent:DataEngineer
2026-07-30,11,21:30,voice,Meridian,0,0,0,0,0,0,0,0,v001,agent:DataEngineer
2026-07-30,11,22:00,voice,Meridian,0,0,0,0,0,0,0,0,v001,agent:DataEngineer
2026-07-30,11,22:30,voice,Meridian,0,0,0,0,0,0,0,0,v001,agent:DataEngineer
2026-07-30,11,23:00,voice,Meridian,0,0,0,0,0,0,0,0,v001,agent:DataEngineer
2026-07-30,11,23:30,voice,Meridian,0,0,0,0,0,0,0,0,v001,agent:DataEngineer
2026-07-30,11,00:00,chat,Meridian,0,0,0,0,0,0,0,0,v001,agent:DataEngineer
2026-07-30,11,00:30,chat,Meridian,0,0,0,0,0,0,0,0,v001,agent:DataEngineer
2026-07-30,11,01:00,chat,Meridian,0,0,0,0,0,0,0,0,v001,agent:DataEngineer
2026-07-30,11,01:30,chat,Meridian,0,0,0,0,0,0,0,0,v001,agent:DataEngineer
2026-07-30,11,02:00,chat,Meridian,0,0,0,0,0,0,0,0,v001,agent:DataEngineer
2026-07-30,11,02:30,chat,Meridian,0,0,0,0,0,0,0,0,v001,agent:DataEngineer
2026-07-30,11,03:00,chat,Meridian,0,0,0,0,0,0,0,0,v001,agent:DataEngineer
2026-07-30,11,03:30,chat,Meridian,0,0,0,0,0,0,0,0,v001,agent:DataEngineer
2026-07-30,11,04:00,chat,Meridian,0,0,0,0,0,0,0,0,v001,agent:DataEngineer
2026-07-30,11,04:30,chat,Meridian,0,0,0,0,0,0,0,0,v001,agent:DataEngineer
2026-07-30,11,05:00,chat,Meridian,0,0,0,0,0,0,0,0,v001,agent:DataEngineer
2026-07-30,11,05:30,chat,Meridian,0,0,0,0,0,0,0,0,v001,agent:DataEngineer
2026-07-30,11,06:00,chat,Meridian,1,1,1,0,42,100,1144,572,v001,agent:DataEngineer
2026-07-30,11,06:30,chat,Meridian,1,1,1,0,50,100,1102,551,v001,agent:DataEngineer
2026-07-30,11,07:00,chat,Meridian,1,1,1,0,42,100,1135,568,v001,agent:DataEngineer
2026-07-30,11,07:30,chat,Meridian,1,1,1,0,48,100,1013,506,v001,agent:DataEngineer
2026-07-30,11,08:00,chat,Meridian,1,1,1,0,47,100,1049,525,v001,agent:DataEngineer
2026-07-30,11,08:30,chat,Meridian,2,2,2,0,45,100,1234,617,v001,agent:DataEngineer
2026-07-30,11,09:00,chat,Meridian,2,2,2,0,51,100,1020,510,v001,agent:DataEngineer
2026-07-30,11,09:30,chat,Meridian,2,2,2,0,42,100,1094,547,v001,agent:DataEngineer
2026-07-30,11,10:00,chat,Meridian,3,3,3,0,42,100,1106,553,v001,agent:DataEngineer
2026-07-30,11,10:30,chat,Meridian,2,2,2,0,44,100,996,498,v001,agent:DataEngineer
2026-07-30,11,11:00,chat,Meridian,3,3,3,0,46,100,1106,553,v001,agent:DataEngineer
2026-07-30,11,11:30,chat,Meridian,3,2,2,1,265,66.7,1125,562,v001,agent:DataEngineer
2026-07-30,11,12:00,chat,Meridian,3,2,2,1,231,66.7,1181,590,v001,agent:DataEngineer
2026-07-30,11,12:30,chat,Meridian,2,2,2,0,50,100,1049,524,v001,agent:DataEngineer
2026-07-30,11,13:00,chat,Meridian,3,3,3,0,43,100,1117,558,v001,agent:DataEngineer
2026-07-30,11,13:30,chat,Meridian,2,2,2,0,44,100,1044,522,v001,agent:DataEngineer
2026-07-30,11,14:00,chat,Meridian,3,3,3,0,41,100,1097,549,v001,agent:DataEngineer
2026-07-30,11,14:30,chat,Meridian,2,2,2,0,48,100,1180,590,v001,agent:DataEngineer
2026-07-30,11,15:00,chat,Meridian,2,2,2,0,43,100,1106,553,v001,agent:DataEngineer
2026-07-30,11,15:30,chat,Meridian,2,2,2,0,49,100,1015,507,v001,agent:DataEngineer
2026-07-30,11,16:00,chat,Meridian,2,2,2,0,44,100,1160,580,v001,agent:DataEngineer
2026-07-30,11,16:30,chat,Meridian,2,2,2,0,46,100,1120,560,v001,agent:DataEngineer
2026-07-30,11,17:00,chat,Meridian,1,1,1,0,42,100,1075,538,v001,agent:DataEngineer
2026-07-30,11,17:30,chat,Meridian,2,2,2,0,47,100,1070,535,v001,agent:DataEngineer
2026-07-30,11,18:00,chat,Meridian,1,1,1,0,48,100,1111,555,v001,agent:DataEngineer
2026-07-30,11,18:30,chat,Meridian,1,1,1,0,45,100,1132,566,v001,agent:DataEngineer
2026-07-30,11,19:00,chat,Meridian,1,1,1,0,55,100,1139,570,v001,agent:DataEngineer
2026-07-30,11,19:30,chat,Meridian,0,0,0,0,0,0,0,0,v001,agent:DataEngineer
2026-07-30,11,20:00,chat,Meridian,0,0,0,0,0,0,0,0,v001,agent:DataEngineer
2026-07-30,11,20:30,chat,Meridian,0,0,0,0,0,0,0,0,v001,agent:DataEngineer
2026-07-30,11,21:00,chat,Meridian,0,0,0,0,0,0,0,0,v001,agent:DataEngineer
2026-07-30,11,21:30,chat,Meridian,0,0,0,0,0,0,0,0,v001,agent:DataEngineer
2026-07-30,11,22:00,chat,Meridian,0,0,0,0,0,0,0,0,v001,agent:DataEngineer
2026-07-30,11,22:30,chat,Meridian,0,0,0,0,0,0,0,0,v001,agent:DataEngineer
2026-07-30,11,23:00,chat,Meridian,0,0,0,0,0,0,0,0,v001,agent:DataEngineer
2026-07-30,11,23:30,chat,Meridian,0,0,0,0,0,0,0,0,v001,agent:DataEngineer
2026-07-31,12,00:00,voice,Meridian,0,0,0,0,0,0,0,0,v001,agent:DataEngineer
2026-07-31,12,00:30,voice,Meridian,0,0,0,0,0,0,0,0,v001,agent:DataEngineer
2026-07-31,12,01:00,voice,Meridian,0,0,0,0,0,0,0,0,v001,agent:DataEngineer
2026-07-31,12,01:30,voice,Meridian,0,0,0,0,0,0,0,0,v001,agent:DataEngineer
2026-07-31,12,02:00,voice,Meridian,0,0,0,0,0,0,0,0,v001,agent:DataEngineer
2026-07-31,12,02:30,voice,Meridian,0,0,0,0,0,0,0,0,v001,agent:DataEngineer
2026-07-31,12,03:00,voice,Meridian,0,0,0,0,0,0,0,0,v001,agent:DataEngineer
2026-07-31,12,03:30,voice,Meridian,0,0,0,0,0,0,0,0,v001,agent:DataEngineer
2026-07-31,12,04:00,voice,Meridian,0,0,0,0,0,0,0,0,v001,agent:DataEngineer
2026-07-31,12,04:30,voice,Meridian,0,0,0,0,0,0,0,0,v001,agent:DataEngineer
2026-07-31,12,05:00,voice,Meridian,0,0,0,0,0,0,0,0,v001,agent:DataEngineer
2026-07-31,12,05:30,voice,Meridian,0,0,0,0,0,0,0,0,v001,agent:DataEngineer
2026-07-31,12,06:00,voice,Meridian,0,0,0,0,0,0,0,0,v001,agent:DataEngineer
2026-07-31,12,06:30,voice,Meridian,0,0,0,0,0,0,0,0,v001,agent:DataEngineer
2026-07-31,12,07:00,voice,Meridian,0,0,0,0,0,0,0,0,v001,agent:DataEngineer
2026-07-31,12,07:30,voice,Meridian,1,1,1,0,12,100,2155,2155,v001,agent:DataEngineer
2026-07-31,12,08:00,voice,Meridian,1,1,1,0,13,100,2123,2123,v001,agent:DataEngineer
2026-07-31,12,08:30,voice,Meridian,1,1,1,0,12,100,2114,2114,v001,agent:DataEngineer
2026-07-31,12,09:00,voice,Meridian,1,1,1,0,13,100,2029,2029,v001,agent:DataEngineer
2026-07-31,12,09:30,voice,Meridian,1,1,1,0,14,100,2030,2030,v001,agent:DataEngineer
2026-07-31,12,10:00,voice,Meridian,1,1,1,0,11,100,2259,2259,v001,agent:DataEngineer
2026-07-31,12,10:30,voice,Meridian,1,1,1,0,11,100,2058,2058,v001,agent:DataEngineer
2026-07-31,12,11:00,voice,Meridian,2,2,2,0,11,100,1850,1850,v001,agent:DataEngineer
2026-07-31,12,11:30,voice,Meridian,1,1,1,0,15,100,2106,2106,v001,agent:DataEngineer
2026-07-31,12,12:00,voice,Meridian,1,1,1,0,11,100,1829,1829,v001,agent:DataEngineer
2026-07-31,12,12:30,voice,Meridian,1,1,1,0,12,100,2030,2030,v001,agent:DataEngineer
2026-07-31,12,13:00,voice,Meridian,1,1,1,0,12,100,1983,1983,v001,agent:DataEngineer
2026-07-31,12,13:30,voice,Meridian,1,1,1,0,12,100,1982,1982,v001,agent:DataEngineer
2026-07-31,12,14:00,voice,Meridian,1,1,1,0,10,100,2024,2024,v001,agent:DataEngineer
2026-07-31,12,14:30,voice,Meridian,1,1,1,0,10,100,2296,2296,v001,agent:DataEngineer
2026-07-31,12,15:00,voice,Meridian,1,1,1,0,11,100,2075,2075,v001,agent:DataEngineer
2026-07-31,12,15:30,voice,Meridian,2,1,1,1,235,50,2018,2018,v001,agent:DataEngineer
2026-07-31,12,16:00,voice,Meridian,1,1,1,0,15,100,2047,2047,v001,agent:DataEngineer
2026-07-31,12,16:30,voice,Meridian,1,1,1,0,12,100,1889,1889,v001,agent:DataEngineer
2026-07-31,12,17:00,voice,Meridian,1,1,1,0,13,100,1891,1891,v001,agent:DataEngineer
2026-07-31,12,17:30,voice,Meridian,1,1,1,0,12,100,1858,1858,v001,agent:DataEngineer
2026-07-31,12,18:00,voice,Meridian,1,1,1,0,10,100,2038,2038,v001,agent:DataEngineer
2026-07-31,12,18:30,voice,Meridian,1,1,1,0,13,100,1935,1935,v001,agent:DataEngineer
2026-07-31,12,19:00,voice,Meridian,0,0,0,0,0,0,0,0,v001,agent:DataEngineer
2026-07-31,12,19:30,voice,Meridian,0,0,0,0,0,0,0,0,v001,agent:DataEngineer
2026-07-31,12,20:00,voice,Meridian,0,0,0,0,0,0,0,0,v001,agent:DataEngineer
2026-07-31,12,20:30,voice,Meridian,0,0,0,0,0,0,0,0,v001,agent:DataEngineer
2026-07-31,12,21:00,voice,Meridian,0,0,0,0,0,0,0,0,v001,agent:DataEngineer
2026-07-31,12,21:30,voice,Meridian,0,0,0,0,0,0,0,0,v001,agent:DataEngineer
2026-07-31,12,22:00,voice,Meridian,0,0,0,0,0,0,0,0,v001,agent:DataEngineer
2026-07-31,12,22:30,voice,Meridian,0,0,0,0,0,0,0,0,v001,agent:DataEngineer
2026-07-31,12,23:00,voice,Meridian,0,0,0,0,0,0,0,0,v001,agent:DataEngineer
2026-07-31,12,23:30,voice,Meridian,0,0,0,0,0,0,0,0,v001,agent:DataEngineer
2026-07-31,12,00:00,chat,Meridian,0,0,0,0,0,0,0,0,v001,agent:DataEngineer
2026-07-31,12,00:30,chat,Meridian,1,1,1,0,45,100,1049,525,v001,agent:DataEngineer
2026-07-31,12,01:00,chat,Meridian,0,0,0,0,0,0,0,0,v001,agent:DataEngineer
2026-07-31,12,01:30,chat,Meridian,0,0,0,0,0,0,0,0,v001,agent:DataEngineer
2026-07-31,12,02:00,chat,Meridian,0,0,0,0,0,0,0,0,v001,agent:DataEngineer
2026-07-31,12,02:30,chat,Meridian,0,0,0,0,0,0,0,0,v001,agent:DataEngineer
2026-07-31,12,03:00,chat,Meridian,0,0,0,0,0,0,0,0,v001,agent:DataEngineer
2026-07-31,12,03:30,chat,Meridian,0,0,0,0,0,0,0,0,v001,agent:DataEngineer
2026-07-31,12,04:00,chat,Meridian,0,0,0,0,0,0,0,0,v001,agent:DataEngineer
2026-07-31,12,04:30,chat,Meridian,1,1,1,0,42,100,1037,518,v001,agent:DataEngineer
2026-07-31,12,05:00,chat,Meridian,0,0,0,0,0,0,0,0,v001,agent:DataEngineer
2026-07-31,12,05:30,chat,Meridian,0,0,0,0,0,0,0,0,v001,agent:DataEngineer
2026-07-31,12,06:00,chat,Meridian,0,0,0,0,0,0,0,0,v001,agent:DataEngineer
2026-07-31,12,06:30,chat,Meridian,0,0,0,0,0,0,0,0,v001,agent:DataEngineer
2026-07-31,12,07:00,chat,Meridian,1,1,1,0,43,100,1002,501,v001,agent:DataEngineer
2026-07-31,12,07:30,chat,Meridian,1,1,1,0,43,100,1128,564,v001,agent:DataEngineer
2026-07-31,12,08:00,chat,Meridian,1,1,1,0,43,100,1067,533,v001,agent:DataEngineer
2026-07-31,12,08:30,chat,Meridian,2,2,2,0,40,100,1060,530,v001,agent:DataEngineer
2026-07-31,12,09:00,chat,Meridian,2,2,2,0,46,100,1007,504,v001,agent:DataEngineer
2026-07-31,12,09:30,chat,Meridian,2,2,2,0,40,100,982,491,v001,agent:DataEngineer
2026-07-31,12,10:00,chat,Meridian,2,2,2,0,46,100,879,439,v001,agent:DataEngineer
2026-07-31,12,10:30,chat,Meridian,3,2,2,1,182,66.7,1032,516,v001,agent:DataEngineer
2026-07-31,12,11:00,chat,Meridian,3,3,3,0,53,100,1063,532,v001,agent:DataEngineer
2026-07-31,12,11:30,chat,Meridian,3,3,3,0,45,100,1055,527,v001,agent:DataEngineer
2026-07-31,12,12:00,chat,Meridian,2,2,2,0,45,100,1004,502,v001,agent:DataEngineer
2026-07-31,12,12:30,chat,Meridian,3,2,2,1,203,66.7,1118,559,v001,agent:DataEngineer
2026-07-31,12,13:00,chat,Meridian,3,3,3,0,43,100,999,499,v001,agent:DataEngineer
2026-07-31,12,13:30,chat,Meridian,2,2,2,0,48,100,1166,583,v001,agent:DataEngineer
2026-07-31,12,14:00,chat,Meridian,3,3,3,0,43,100,1035,518,v001,agent:DataEngineer
2026-07-31,12,14:30,chat,Meridian,3,3,3,0,52,100,1023,511,v001,agent:DataEngineer
2026-07-31,12,15:00,chat,Meridian,2,2,2,0,52,100,1057,529,v001,agent:DataEngineer
2026-07-31,12,15:30,chat,Meridian,2,2,2,0,48,100,1052,526,v001,agent:DataEngineer
2026-07-31,12,16:00,chat,Meridian,2,2,2,0,36,100,1007,504,v001,agent:DataEngineer
2026-07-31,12,16:30,chat,Meridian,2,2,2,0,41,100,1052,526,v001,agent:DataEngineer
2026-07-31,12,17:00,chat,Meridian,2,2,2,0,45,100,1170,585,v001,agent:DataEngineer
2026-07-31,12,17:30,chat,Meridian,1,1,1,0,43,100,1093,547,v001,agent:DataEngineer
2026-07-31,12,18:00,chat,Meridian,1,1,1,0,40,100,1017,508,v001,agent:DataEngineer
2026-07-31,12,18:30,chat,Meridian,1,1,1,0,51,100,1007,503,v001,agent:DataEngineer
2026-07-31,12,19:00,chat,Meridian,1,1,1,0,43,100,1072,536,v001,agent:DataEngineer
2026-07-31,12,19:30,chat,Meridian,0,0,0,0,0,0,0,0,v001,agent:DataEngineer
2026-07-31,12,20:00,chat,Meridian,0,0,0,0,0,0,0,0,v001,agent:DataEngineer
2026-07-31,12,20:30,chat,Meridian,0,0,0,0,0,0,0,0,v001,agent:DataEngineer
2026-07-31,12,21:00,chat,Meridian,0,0,0,0,0,0,0,0,v001,agent:DataEngineer
2026-07-31,12,21:30,chat,Meridian,0,0,0,0,0,0,0,0,v001,agent:DataEngineer
2026-07-31,12,22:00,chat,Meridian,0,0,0,0,0,0,0,0,v001,agent:DataEngineer
2026-07-31,12,22:30,chat,Meridian,0,0,0,0,0,0,0,0,v001,agent:DataEngineer
2026-07-31,12,23:00,chat,Meridian,0,0,0,0,0,0,0,0,v001,agent:DataEngineer
2026-07-31,12,23:30,chat,Meridian,0,0,0,0,0,0,0,0,v001,agent:DataEngineer
